dataset,params,mean_test_score,std_test_score,rank_test_score,mean_fit_time,mean_score_time,brier_score
Bank,"{'criterion': 'log_loss', 'max_depth': None, 'max_features': 'sqrt', 'min_samples_leaf': 8, 'min_samples_split': 8, 'n_estimators': 221}",-0.18805635331799603,0.0035560661940127547,60,2.0776548385620117,0.12316646575927734,0.18511626790929042
Bank,"{'criterion': 'log_loss', 'max_depth': 20, 'max_features': 0.33, 'min_samples_leaf': 8, 'min_samples_split': 5, 'n_estimators': 971}",-0.18688614385778973,0.004015057797964857,21,14.06483473777771,0.6319695949554444,0.18511626790929042
Bank,"{'criterion': 'entropy', 'max_depth': 20, 'max_features': 0.1, 'min_samples_leaf': 5, 'min_samples_split': 3, 'n_estimators': 443}",-0.1892191572619047,0.003172680820652301,72,3.964859676361084,0.3192474842071533,0.18511626790929042
Bank,"{'criterion': 'entropy', 'max_depth': 15, 'max_features': 0.1, 'min_samples_leaf': 2, 'min_samples_split': 2, 'n_estimators': 559}",-0.18896673696477306,0.003026864261405767,68,4.9123687744140625,0.4316812038421631,0.18511626790929042
Bank,"{'criterion': 'entropy', 'max_depth': 15, 'max_features': 'sqrt', 'min_samples_leaf': 9, 'min_samples_split': 18, 'n_estimators': 574}",-0.18913003871836906,0.00329827831523929,70,5.943083047866821,0.3936484336853027,0.18511626790929042
Bank,"{'criterion': 'log_loss', 'max_depth': 20, 'max_features': 0.1, 'min_samples_leaf': 3, 'min_samples_split': 13, 'n_estimators': 666}",-0.18813239187909092,0.0033691181449220287,61,5.969708108901978,0.5820465564727784,0.18511626790929042
Bank,"{'criterion': 'entropy', 'max_depth': None, 'max_features': 'sqrt', 'min_samples_leaf': 3, 'min_samples_split': 6, 'n_estimators': 918}",-0.18606771150915508,0.003944054145435358,2,10.335949468612672,0.8110725402832031,0.18511626790929042
Bank,"{'criterion': 'log_loss', 'max_depth': 10, 'max_features': 'sqrt', 'min_samples_leaf': 7, 'min_samples_split': 19, 'n_estimators': 487}",-0.19204630732018216,0.0027676334753238938,92,4.43145055770874,0.2997018814086914,0.18511626790929042
Bank,"{'criterion': 'log_loss', 'max_depth': None, 'max_features': 0.1, 'min_samples_leaf': 2, 'min_samples_split': 10, 'n_estimators': 445}",-0.18700986867577044,0.0034784759823786524,30,4.5173756122589115,0.4015148162841797,0.18511626790929042
Bank,"{'criterion': 'log_loss', 'max_depth': 15, 'max_features': 0.5, 'min_samples_leaf': 7, 'min_samples_split': 13, 'n_estimators': 608}",-0.1871671625031073,0.0036430303004276686,37,12.577662563323974,0.44193072319030763,0.18511626790929042
Bank,"{'criterion': 'entropy', 'max_depth': 20, 'max_features': 0.33, 'min_samples_leaf': 1, 'min_samples_split': 5, 'n_estimators': 661}",-0.1874651893079555,0.004046558484149719,50,12.696863889694214,0.6147455215454102,0.18511626790929042
Bank,"{'criterion': 'entropy', 'max_depth': None, 'max_features': 0.1, 'min_samples_leaf': 6, 'min_samples_split': 11, 'n_estimators': 871}",-0.18948498810081063,0.0032050022420317776,77,8.254656219482422,0.5242956161499024,0.18511626790929042
Bank,"{'criterion': 'entropy', 'max_depth': 10, 'max_features': 0.33, 'min_samples_leaf': 2, 'min_samples_split': 13, 'n_estimators': 261}",-0.18955777542944957,0.0028841214653353587,78,3.0491827487945558,0.1889953136444092,0.18511626790929042
Bank,"{'criterion': 'entropy', 'max_depth': 15, 'max_features': 0.5, 'min_samples_leaf': 8, 'min_samples_split': 15, 'n_estimators': 826}",-0.18742629164868024,0.003633124175786223,48,15.850292301177978,0.4527017116546631,0.18511626790929042
Bank,"{'criterion': 'entropy', 'max_depth': 10, 'max_features': 0.1, 'min_samples_leaf': 8, 'min_samples_split': 17, 'n_estimators': 848}",-0.19520811622346562,0.0023154213566660073,100,7.133530378341675,0.4576895713806152,0.18511626790929042
Bank,"{'criterion': 'entropy', 'max_depth': 20, 'max_features': 'sqrt', 'min_samples_leaf': 8, 'min_samples_split': 14, 'n_estimators': 140}",-0.18821812240579858,0.003356315355207638,62,1.2755184173583984,0.11516304016113281,0.18511626790929042
Bank,"{'criterion': 'log_loss', 'max_depth': 20, 'max_features': 'sqrt', 'min_samples_leaf': 1, 'min_samples_split': 8, 'n_estimators': 620}",-0.18631630788022685,0.0038632883022159405,7,7.484112691879273,0.5545281410217285,0.18511626790929042
Bank,"{'criterion': 'entropy', 'max_depth': 10, 'max_features': 0.5, 'min_samples_leaf': 8, 'min_samples_split': 12, 'n_estimators': 598}",-0.18964440357864798,0.0030717639231034677,81,10.352241897583008,0.4026653289794922,0.18511626790929042
Bank,"{'criterion': 'log_loss', 'max_depth': None, 'max_features': 0.33, 'min_samples_leaf': 3, 'min_samples_split': 2, 'n_estimators': 478}",-0.18685234984661026,0.004294753789230877,19,8.776619625091552,0.4258699417114258,0.18511626790929042
Bank,"{'criterion': 'log_loss', 'max_depth': 15, 'max_features': 0.33, 'min_samples_leaf': 9, 'min_samples_split': 8, 'n_estimators': 300}",-0.18763722521192433,0.0037943992414195176,53,4.802619361877442,0.22480487823486328,0.18511626790929042
Bank,"{'criterion': 'entropy', 'max_depth': None, 'max_features': 0.1, 'min_samples_leaf': 1, 'min_samples_split': 17, 'n_estimators': 602}",-0.18672637889482457,0.0035099776890375385,15,6.34363694190979,0.5345282077789306,0.18511626790929042
Bank,"{'criterion': 'log_loss', 'max_depth': 15, 'max_features': 0.5, 'min_samples_leaf': 5, 'min_samples_split': 4, 'n_estimators': 783}",-0.18719451479145416,0.0037211725960628094,40,16.970538282394408,0.5236429691314697,0.18511626790929042
Bank,"{'criterion': 'entropy', 'max_depth': 15, 'max_features': 0.33, 'min_samples_leaf': 3, 'min_samples_split': 2, 'n_estimators': 838}",-0.1866071499965386,0.0037289016760689614,12,14.51600170135498,0.55693039894104,0.18511626790929042
Bank,"{'criterion': 'log_loss', 'max_depth': 20, 'max_features': 0.1, 'min_samples_leaf': 3, 'min_samples_split': 2, 'n_estimators': 104}",-0.18914447693066289,0.0036686545751921274,71,1.5066624641418458,0.12465171813964844,0.18511626790929042
Bank,"{'criterion': 'entropy', 'max_depth': 20, 'max_features': 0.33, 'min_samples_leaf': 7, 'min_samples_split': 10, 'n_estimators': 306}",-0.1869209526231008,0.003995872115497418,24,4.839879035949707,0.2537370681762695,0.18511626790929042
Bank,"{'criterion': 'log_loss', 'max_depth': 15, 'max_features': 0.1, 'min_samples_leaf': 3, 'min_samples_split': 8, 'n_estimators': 340}",-0.18965070210455065,0.0033524188349599317,82,2.8779188632965087,0.2596879959106445,0.18511626790929042
Bank,"{'criterion': 'entropy', 'max_depth': 10, 'max_features': 0.5, 'min_samples_leaf': 4, 'min_samples_split': 6, 'n_estimators': 506}",-0.18939688529663828,0.0029788198809807117,74,8.22340235710144,0.3418269634246826,0.18511626790929042
Bank,"{'criterion': 'log_loss', 'max_depth': 10, 'max_features': 0.33, 'min_samples_leaf': 4, 'min_samples_split': 14, 'n_estimators': 259}",-0.1897843332769074,0.00303491112085128,83,3.5775195121765138,0.15020966529846191,0.18511626790929042
Bank,"{'criterion': 'log_loss', 'max_depth': 20, 'max_features': 0.33, 'min_samples_leaf': 6, 'min_samples_split': 3, 'n_estimators': 781}",-0.18667228639763808,0.003949099257357917,14,12.817312288284302,0.5690082550048828,0.18511626790929042
Bank,"{'criterion': 'log_loss', 'max_depth': 15, 'max_features': 'sqrt', 'min_samples_leaf': 5, 'min_samples_split': 7, 'n_estimators': 895}",-0.18783687564953,0.0033384630588204965,57,9.64164891242981,0.6006030082702637,0.18511626790929042
Bank,"{'criterion': 'entropy', 'max_depth': None, 'max_features': 0.5, 'min_samples_leaf': 4, 'min_samples_split': 12, 'n_estimators': 739}",-0.18706296328156388,0.004371308111162777,33,16.84698853492737,0.6034311771392822,0.18511626790929042
Bank,"{'criterion': 'entropy', 'max_depth': 20, 'max_features': 0.5, 'min_samples_leaf': 9, 'min_samples_split': 8, 'n_estimators': 289}",-0.18746029588998525,0.00386479447512622,49,5.8745063781738285,0.23677330017089843,0.18511626790929042
Bank,"{'criterion': 'log_loss', 'max_depth': 10, 'max_features': 'sqrt', 'min_samples_leaf': 9, 'min_samples_split': 14, 'n_estimators': 844}",-0.19217554995788164,0.002820982801571948,93,6.580791330337524,0.4185445308685303,0.18511626790929042
Bank,"{'criterion': 'log_loss', 'max_depth': 20, 'max_features': 0.1, 'min_samples_leaf': 8, 'min_samples_split': 10, 'n_estimators': 417}",-0.1907910489430028,0.002938150932023153,88,3.168466329574585,0.25021724700927733,0.18511626790929042
Bank,"{'criterion': 'log_loss', 'max_depth': 10, 'max_features': 0.33, 'min_samples_leaf': 8, 'min_samples_split': 16, 'n_estimators': 926}",-0.18985132375993785,0.003147960856461752,84,11.708113527297973,0.5487051010131836,0.18511626790929042
Bank,"{'criterion': 'entropy', 'max_depth': None, 'max_features': 0.5, 'min_samples_leaf': 8, 'min_samples_split': 10, 'n_estimators': 791}",-0.18710941528547903,0.003933037822275955,35,15.48461093902588,0.5593306541442871,0.18511626790929042
Bank,"{'criterion': 'log_loss', 'max_depth': 15, 'max_features': 'sqrt', 'min_samples_leaf': 4, 'min_samples_split': 13, 'n_estimators': 609}",-0.18757982818213476,0.0034004789823834356,52,6.900060415267944,0.39586596488952636,0.18511626790929042
Bank,"{'criterion': 'log_loss', 'max_depth': 15, 'max_features': 0.33, 'min_samples_leaf': 1, 'min_samples_split': 6, 'n_estimators': 724}",-0.18687303440118247,0.0035940263088304137,20,11.958863687515258,0.5203151702880859,0.18511626790929042
Bank,"{'criterion': 'entropy', 'max_depth': 10, 'max_features': 0.33, 'min_samples_leaf': 1, 'min_samples_split': 3, 'n_estimators': 741}",-0.18934026614473748,0.003006676096031123,73,10.256115627288818,0.4544544219970703,0.18511626790929042
Bank,"{'criterion': 'entropy', 'max_depth': 15, 'max_features': 0.33, 'min_samples_leaf': 5, 'min_samples_split': 2, 'n_estimators': 484}",-0.1869768749639295,0.0037135954558484897,27,6.9900641441345215,0.3568235397338867,0.18511626790929042
Bank,"{'criterion': 'log_loss', 'max_depth': 15, 'max_features': 0.1, 'min_samples_leaf': 5, 'min_samples_split': 13, 'n_estimators': 829}",-0.19031009055979942,0.0029815327804777973,86,6.655033111572266,0.5348543643951416,0.18511626790929042
Bank,"{'criterion': 'entropy', 'max_depth': 15, 'max_features': 0.5, 'min_samples_leaf': 7, 'min_samples_split': 5, 'n_estimators': 538}",-0.18720930969595412,0.003685468827982683,41,10.932989692687988,0.33330254554748534,0.18511626790929042
Bank,"{'criterion': 'log_loss', 'max_depth': None, 'max_features': 0.33, 'min_samples_leaf': 1, 'min_samples_split': 7, 'n_estimators': 379}",-0.18797411295020133,0.004245294624649345,58,7.391432428359986,0.36995739936828614,0.18511626790929042
Bank,"{'criterion': 'log_loss', 'max_depth': None, 'max_features': 0.1, 'min_samples_leaf': 6, 'min_samples_split': 12, 'n_estimators': 610}",-0.18960739368006416,0.003251876965056808,80,5.248198080062866,0.3706509590148926,0.18511626790929042
Bank,"{'criterion': 'entropy', 'max_depth': None, 'max_features': 'sqrt', 'min_samples_leaf': 9, 'min_samples_split': 7, 'n_estimators': 563}",-0.18839956597320773,0.0034194987200397184,65,5.0987633228302,0.3629137516021729,0.18511626790929042
Bank,"{'criterion': 'log_loss', 'max_depth': 20, 'max_features': 0.5, 'min_samples_leaf': 4, 'min_samples_split': 4, 'n_estimators': 610}",-0.18723582556093493,0.0039760487438063674,42,14.828989553451539,0.43609819412231443,0.18511626790929042
Bank,"{'criterion': 'log_loss', 'max_depth': None, 'max_features': 0.5, 'min_samples_leaf': 7, 'min_samples_split': 10, 'n_estimators': 739}",-0.18695887404788422,0.004032437181019847,25,16.651681184768677,0.5717515468597412,0.18511626790929042
Bank,"{'criterion': 'log_loss', 'max_depth': 15, 'max_features': 0.5, 'min_samples_leaf': 1, 'min_samples_split': 12, 'n_estimators': 572}",-0.18701338366792614,0.003458921342065668,31,12.70031213760376,0.3711841106414795,0.18511626790929042
Bank,"{'criterion': 'entropy', 'max_depth': 20, 'max_features': 0.33, 'min_samples_leaf': 3, 'min_samples_split': 8, 'n_estimators': 863}",-0.18657229155148794,0.004228114779438793,8,15.75831913948059,0.5893046379089355,0.18511626790929042
Bank,"{'criterion': 'entropy', 'max_depth': 15, 'max_features': 0.5, 'min_samples_leaf': 9, 'min_samples_split': 18, 'n_estimators': 101}",-0.18802170925880374,0.0032604397914644014,59,2.0025333404541015,0.09420747756958008,0.18511626790929042
Bank,"{'criterion': 'log_loss', 'max_depth': None, 'max_features': 0.1, 'min_samples_leaf': 5, 'min_samples_split': 6, 'n_estimators': 259}",-0.18908959297411002,0.0032930341463673044,69,2.3362321853637695,0.1517014503479004,0.18511626790929042
Bank,"{'criterion': 'log_loss', 'max_depth': 20, 'max_features': 'sqrt', 'min_samples_leaf': 9, 'min_samples_split': 4, 'n_estimators': 758}",-0.18836263607413511,0.0033895677299355365,64,7.425992202758789,0.4994229316711426,0.18511626790929042
Bank,"{'criterion': 'entropy', 'max_depth': None, 'max_features': 0.33, 'min_samples_leaf': 4, 'min_samples_split': 2, 'n_estimators': 727}",-0.186580711269062,0.004104369787116571,10,12.669215059280395,0.5292805194854736,0.18511626790929042
Bank,"{'criterion': 'log_loss', 'max_depth': 10, 'max_features': 0.5, 'min_samples_leaf': 4, 'min_samples_split': 7, 'n_estimators': 203}",-0.18960592649809044,0.0029449465820212033,79,3.345557689666748,0.13172469139099122,0.18511626790929042
Bank,"{'criterion': 'entropy', 'max_depth': 15, 'max_features': 0.33, 'min_samples_leaf': 9, 'min_samples_split': 4, 'n_estimators': 252}",-0.1877331768243727,0.0037832612689548527,55,3.7736998081207274,0.15830345153808595,0.18511626790929042
Bank,"{'criterion': 'log_loss', 'max_depth': 15, 'max_features': 0.5, 'min_samples_leaf': 2, 'min_samples_split': 3, 'n_estimators': 921}",-0.1873141386217428,0.003659032586403868,45,19.91114945411682,0.6816733837127685,0.18511626790929042
Bank,"{'criterion': 'log_loss', 'max_depth': None, 'max_features': 'sqrt', 'min_samples_leaf': 9, 'min_samples_split': 5, 'n_estimators': 260}",-0.188500448519796,0.0034200408561406376,66,2.8280044555664063,0.16095261573791503,0.18511626790929042
Bank,"{'criterion': 'entropy', 'max_depth': 10, 'max_features': 0.1, 'min_samples_leaf': 5, 'min_samples_split': 17, 'n_estimators': 603}",-0.1945271810170393,0.0023377990183532874,96,4.861251401901245,0.3343031406402588,0.18511626790929042
Bank,"{'criterion': 'entropy', 'max_depth': None, 'max_features': 0.33, 'min_samples_leaf': 3, 'min_samples_split': 18, 'n_estimators': 739}",-0.1859844184299265,0.00399221817723383,1,12.623187065124512,0.5536268711090088,0.18511626790929042
Bank,"{'criterion': 'log_loss', 'max_depth': None, 'max_features': 0.5, 'min_samples_leaf': 3, 'min_samples_split': 15, 'n_estimators': 769}",-0.18697472135354132,0.004169684547045751,26,17.773099279403688,0.5738817691802979,0.18511626790929042
Bank,"{'criterion': 'entropy', 'max_depth': 15, 'max_features': 'sqrt', 'min_samples_leaf': 3, 'min_samples_split': 9, 'n_estimators': 382}",-0.1874215237256618,0.0033130507960415206,47,4.580014753341675,0.2712995529174805,0.18511626790929042
Bank,"{'criterion': 'log_loss', 'max_depth': 15, 'max_features': 'sqrt', 'min_samples_leaf': 1, 'min_samples_split': 16, 'n_estimators': 580}",-0.18711509877058968,0.003333005113601309,36,5.8616198062896725,0.4213082790374756,0.18511626790929042
Bank,"{'criterion': 'log_loss', 'max_depth': None, 'max_features': 'sqrt', 'min_samples_leaf': 3, 'min_samples_split': 5, 'n_estimators': 646}",-0.18618632869164226,0.003924082228270258,5,7.831101179122925,0.4136654376983643,0.18511626790929042
Bank,"{'criterion': 'entropy', 'max_depth': 10, 'max_features': 0.5, 'min_samples_leaf': 1, 'min_samples_split': 13, 'n_estimators': 319}",-0.1894512702951619,0.0028856889846439996,75,5.207437896728516,0.1523275375366211,0.18511626790929042
Bank,"{'criterion': 'entropy', 'max_depth': 10, 'max_features': 0.1, 'min_samples_leaf': 5, 'min_samples_split': 7, 'n_estimators': 198}",-0.19466861800966218,0.0026586273521124262,97,1.4609117031097412,0.0931938648223877,0.18511626790929042
Bank,"{'criterion': 'entropy', 'max_depth': 10, 'max_features': 'sqrt', 'min_samples_leaf': 8, 'min_samples_split': 18, 'n_estimators': 401}",-0.19219764309012305,0.0027715082694865496,94,3.2372904300689695,0.1887333869934082,0.18511626790929042
Bank,"{'criterion': 'log_loss', 'max_depth': 20, 'max_features': 0.33, 'min_samples_leaf': 1, 'min_samples_split': 2, 'n_estimators': 355}",-0.18780969118069596,0.004287455865025242,56,6.5011069774627686,0.36583313941955564,0.18511626790929042
Bank,"{'criterion': 'log_loss', 'max_depth': None, 'max_features': 0.1, 'min_samples_leaf': 9, 'min_samples_split': 11, 'n_estimators': 834}",-0.19099282928884428,0.003050378325703601,89,6.898675870895386,0.49841599464416503,0.18511626790929042
Bank,"{'criterion': 'entropy', 'max_depth': 15, 'max_features': 0.33, 'min_samples_leaf': 8, 'min_samples_split': 15, 'n_estimators': 891}",-0.18736503204166396,0.0036312239922569704,46,12.849715566635131,0.62234468460083,0.18511626790929042
Bank,"{'criterion': 'entropy', 'max_depth': None, 'max_features': 0.33, 'min_samples_leaf': 6, 'min_samples_split': 3, 'n_estimators': 738}",-0.18662409981118366,0.0040696807454786025,13,11.747106266021728,0.46286187171936033,0.18511626790929042
Bank,"{'criterion': 'log_loss', 'max_depth': 15, 'max_features': 0.1, 'min_samples_leaf': 1, 'min_samples_split': 9, 'n_estimators': 492}",-0.18865121403715973,0.003000101519417241,67,5.111743783950805,0.31995458602905275,0.18511626790929042
Bank,"{'criterion': 'log_loss', 'max_depth': 15, 'max_features': 0.5, 'min_samples_leaf': 7, 'min_samples_split': 11, 'n_estimators': 858}",-0.18718940641218815,0.0037120610219181453,38,16.31899666786194,0.5783457279205322,0.18511626790929042
Bank,"{'criterion': 'entropy', 'max_depth': 20, 'max_features': 0.1, 'min_samples_leaf': 9, 'min_samples_split': 14, 'n_estimators': 927}",-0.19107157165385646,0.003090945917649376,90,7.887007713317871,0.4431757926940918,0.18511626790929042
Bank,"{'criterion': 'entropy', 'max_depth': 20, 'max_features': 'sqrt', 'min_samples_leaf': 4, 'min_samples_split': 14, 'n_estimators': 119}",-0.1869825494841242,0.003756926867804412,28,1.2112834453582764,0.10520544052124023,0.18511626790929042
Bank,"{'criterion': 'log_loss', 'max_depth': None, 'max_features': 0.5, 'min_samples_leaf': 3, 'min_samples_split': 16, 'n_estimators': 191}",-0.18719109051806895,0.0040945353295985835,39,4.0746910095214846,0.20612821578979493,0.18511626790929042
Bank,"{'criterion': 'entropy', 'max_depth': 15, 'max_features': 0.5, 'min_samples_leaf': 7, 'min_samples_split': 18, 'n_estimators': 791}",-0.18727445030381132,0.003626719765574116,43,15.821624565124512,0.4715085983276367,0.18511626790929042
Bank,"{'criterion': 'entropy', 'max_depth': 15, 'max_features': 0.33, 'min_samples_leaf': 6, 'min_samples_split': 12, 'n_estimators': 543}",-0.18684124406917502,0.0037650406485498734,17,8.776957654953003,0.3928384780883789,0.18511626790929042
Bank,"{'criterion': 'log_loss', 'max_depth': 10, 'max_features': 0.5, 'min_samples_leaf': 5, 'min_samples_split': 13, 'n_estimators': 719}",-0.1894701148222149,0.0029618895325189917,76,12.524802350997925,0.4088307857513428,0.18511626790929042
Bank,"{'criterion': 'log_loss', 'max_depth': 20, 'max_features': 0.5, 'min_samples_leaf': 6, 'min_samples_split': 14, 'n_estimators': 983}",-0.18690534127003158,0.003983931150430348,23,21.510932159423827,0.7220358848571777,0.18511626790929042
Bank,"{'criterion': 'entropy', 'max_depth': 20, 'max_features': 0.33, 'min_samples_leaf': 7, 'min_samples_split': 9, 'n_estimators': 919}",-0.18657558610325392,0.003937003234680551,9,14.255080461502075,0.6305782794952393,0.18511626790929042
Bank,"{'criterion': 'entropy', 'max_depth': 10, 'max_features': 0.1, 'min_samples_leaf': 3, 'min_samples_split': 18, 'n_estimators': 219}",-0.19434660032031809,0.002159479043616153,95,2.01941556930542,0.1652284622192383,0.18511626790929042
Bank,"{'criterion': 'log_loss', 'max_depth': 20, 'max_features': 0.5, 'min_samples_leaf': 7, 'min_samples_split': 6, 'n_estimators': 573}",-0.1869837382848895,0.003790967945608768,29,11.85349645614624,0.4457703590393066,0.18511626790929042
Bank,"{'criterion': 'log_loss', 'max_depth': 15, 'max_features': 0.33, 'min_samples_leaf': 9, 'min_samples_split': 13, 'n_estimators': 740}",-0.1875437495667276,0.0036486410194303234,51,10.765274286270142,0.48357839584350587,0.18511626790929042
Bank,"{'criterion': 'entropy', 'max_depth': 15, 'max_features': 'sqrt', 'min_samples_leaf': 2, 'min_samples_split': 17, 'n_estimators': 700}",-0.18708668174107465,0.003372472961175027,34,6.953469228744507,0.4430842399597168,0.18511626790929042
Bank,"{'criterion': 'entropy', 'max_depth': 10, 'max_features': 'sqrt', 'min_samples_leaf': 1, 'min_samples_split': 17, 'n_estimators': 288}",-0.1913538817253965,0.002614613693392578,91,2.4700450897216797,0.16487865447998046,0.18511626790929042
Bank,"{'criterion': 'log_loss', 'max_depth': None, 'max_features': 0.33, 'min_samples_leaf': 5, 'min_samples_split': 4, 'n_estimators': 175}",-0.18684915484104425,0.004315518124065039,18,2.974356698989868,0.16923308372497559,0.18511626790929042
Bank,"{'criterion': 'entropy', 'max_depth': None, 'max_features': 0.33, 'min_samples_leaf': 5, 'min_samples_split': 15, 'n_estimators': 319}",-0.186585337237477,0.004063511199121056,11,5.042368745803833,0.2603161811828613,0.18511626790929042
Bank,"{'criterion': 'log_loss', 'max_depth': 20, 'max_features': 'sqrt', 'min_samples_leaf': 4, 'min_samples_split': 6, 'n_estimators': 303}",-0.18674279998098292,0.0035020734030095924,16,3.330528736114502,0.22692136764526366,0.18511626790929042
Bank,"{'criterion': 'entropy', 'max_depth': 15, 'max_features': 0.1, 'min_samples_leaf': 5, 'min_samples_split': 8, 'n_estimators': 711}",-0.19026057129207602,0.0030546589712150698,85,5.478231477737427,0.4009702682495117,0.18511626790929042
Bank,"{'criterion': 'log_loss', 'max_depth': 15, 'max_features': 0.1, 'min_samples_leaf': 5, 'min_samples_split': 11, 'n_estimators': 857}",-0.19031710832320403,0.0030843513586697327,87,6.594021415710449,0.5027385711669922,0.18511626790929042
Bank,"{'criterion': 'log_loss', 'max_depth': None, 'max_features': 0.1, 'min_samples_leaf': 4, 'min_samples_split': 11, 'n_estimators': 861}",-0.18825592744649655,0.0034215376576409106,63,7.9334797859191895,0.5502561569213867,0.18511626790929042
Bank,"{'criterion': 'log_loss', 'max_depth': 15, 'max_features': 0.5, 'min_samples_leaf': 1, 'min_samples_split': 6, 'n_estimators': 615}",-0.1872874131737427,0.003476041559104619,44,13.34648609161377,0.4732954978942871,0.18511626790929042
Bank,"{'criterion': 'entropy', 'max_depth': None, 'max_features': 0.5, 'min_samples_leaf': 7, 'min_samples_split': 3, 'n_estimators': 596}",-0.18690358366868073,0.004044655236031806,22,13.23662223815918,0.42630858421325685,0.18511626790929042
Bank,"{'criterion': 'entropy', 'max_depth': None, 'max_features': 0.5, 'min_samples_leaf': 4, 'min_samples_split': 13, 'n_estimators': 789}",-0.18706082462871812,0.004130602325652519,32,18.257525968551636,0.5909915924072265,0.18511626790929042
Bank,"{'criterion': 'log_loss', 'max_depth': None, 'max_features': 'sqrt', 'min_samples_leaf': 1, 'min_samples_split': 12, 'n_estimators': 712}",-0.18609324664574248,0.004051060416922732,4,9.503909492492676,0.6050973415374756,0.18511626790929042
Bank,"{'criterion': 'entropy', 'max_depth': 20, 'max_features': 'sqrt', 'min_samples_leaf': 1, 'min_samples_split': 9, 'n_estimators': 941}",-0.18622540999626333,0.003943428238138352,6,11.041687726974487,0.7826507091522217,0.18511626790929042
Bank,"{'criterion': 'log_loss', 'max_depth': None, 'max_features': 'sqrt', 'min_samples_leaf': 2, 'min_samples_split': 19, 'n_estimators': 134}",-0.18607591438691626,0.004039711193814197,3,1.390880537033081,0.13701286315917968,0.18511626790929042
Bank,"{'criterion': 'log_loss', 'max_depth': 10, 'max_features': 0.1, 'min_samples_leaf': 8, 'min_samples_split': 11, 'n_estimators': 701}",-0.19513341615972424,0.0023821889612804428,99,4.913880348205566,0.31317920684814454,0.18511626790929042
Bank,"{'criterion': 'entropy', 'max_depth': 15, 'max_features': 0.33, 'min_samples_leaf': 9, 'min_samples_split': 8, 'n_estimators': 295}",-0.18764441930876247,0.0037898332847896383,54,3.7934855937957765,0.22394161224365233,0.18511626790929042
Bank,"{'criterion': 'entropy', 'max_depth': 10, 'max_features': 0.1, 'min_samples_leaf': 8, 'min_samples_split': 5, 'n_estimators': 828}",-0.1951232163578804,0.002366920622504255,98,5.021813201904297,0.2947559833526611,0.18511626790929042
Gym,"{'criterion': 'log_loss', 'max_depth': None, 'max_features': 'sqrt', 'min_samples_leaf': 8, 'min_samples_split': 8, 'n_estimators': 221}",-0.15444005919884848,0.006725347602984445,53,0.9023350715637207,0.07110395431518554,0.17912787486528936
Gym,"{'criterion': 'log_loss', 'max_depth': 20, 'max_features': 0.33, 'min_samples_leaf': 8, 'min_samples_split': 5, 'n_estimators': 971}",-0.15434418368924613,0.006152791909112271,52,3.7675008296966555,0.21920132637023926,0.17912787486528936
Gym,"{'criterion': 'entropy', 'max_depth': 20, 'max_features': 0.1, 'min_samples_leaf': 5, 'min_samples_split': 3, 'n_estimators': 443}",-0.16497136009887553,0.005147161390000119,86,1.3028362274169922,0.12208080291748047,0.17912787486528936
Gym,"{'criterion': 'entropy', 'max_depth': 15, 'max_features': 0.1, 'min_samples_leaf': 2, 'min_samples_split': 2, 'n_estimators': 559}",-0.16101244082089497,0.00635168932012358,77,1.8064121723175048,0.1794727325439453,0.17912787486528936
Gym,"{'criterion': 'entropy', 'max_depth': 15, 'max_features': 'sqrt', 'min_samples_leaf': 9, 'min_samples_split': 18, 'n_estimators': 574}",-0.15495698277688594,0.005979242494087184,70,2.026934862136841,0.1456963062286377,0.17912787486528936
Gym,"{'criterion': 'log_loss', 'max_depth': 20, 'max_features': 0.1, 'min_samples_leaf': 3, 'min_samples_split': 13, 'n_estimators': 666}",-0.16402528077594755,0.005068359763895693,82,1.9627511978149415,0.17128982543945312,0.17912787486528936
Gym,"{'criterion': 'entropy', 'max_depth': None, 'max_features': 'sqrt', 'min_samples_leaf': 3, 'min_samples_split': 6, 'n_estimators': 918}",-0.15340919834548047,0.006701347716852003,2,3.85707049369812,0.237347412109375,0.17912787486528936
Gym,"{'criterion': 'log_loss', 'max_depth': 10, 'max_features': 'sqrt', 'min_samples_leaf': 7, 'min_samples_split': 19, 'n_estimators': 487}",-0.1542337394595023,0.005533448629151613,48,1.8904952526092529,0.1434701919555664,0.17912787486528936
Gym,"{'criterion': 'log_loss', 'max_depth': None, 'max_features': 0.1, 'min_samples_leaf': 2, 'min_samples_split': 10, 'n_estimators': 445}",-0.16257335651711788,0.0053198509275901845,80,1.3762761116027833,0.11862702369689941,0.17912787486528936
Gym,"{'criterion': 'log_loss', 'max_depth': 15, 'max_features': 0.5, 'min_samples_leaf': 7, 'min_samples_split': 13, 'n_estimators': 608}",-0.15402910568449035,0.006547724362734835,34,2.861647367477417,0.18731131553649902,0.17912787486528936
Gym,"{'criterion': 'entropy', 'max_depth': 20, 'max_features': 0.33, 'min_samples_leaf': 1, 'min_samples_split': 5, 'n_estimators': 661}",-0.153994015185055,0.006839535057708495,29,2.839737558364868,0.13090229034423828,0.17912787486528936
Gym,"{'criterion': 'entropy', 'max_depth': None, 'max_features': 0.1, 'min_samples_leaf': 6, 'min_samples_split': 11, 'n_estimators': 871}",-0.16601392878892401,0.0051138004827278255,91,2.6443393230438232,0.20050315856933593,0.17912787486528936
Gym,"{'criterion': 'entropy', 'max_depth': 10, 'max_features': 0.33, 'min_samples_leaf': 2, 'min_samples_split': 13, 'n_estimators': 261}",-0.15418399791633314,0.006457884859383064,44,0.9808416366577148,0.07730116844177246,0.17912787486528936
Gym,"{'criterion': 'entropy', 'max_depth': 15, 'max_features': 0.5, 'min_samples_leaf': 8, 'min_samples_split': 15, 'n_estimators': 826}",-0.1540889649913401,0.006395346725876751,40,3.909926509857178,0.16148729324340821,0.17912787486528936
Gym,"{'criterion': 'entropy', 'max_depth': 10, 'max_features': 0.1, 'min_samples_leaf': 8, 'min_samples_split': 17, 'n_estimators': 848}",-0.16897132039357043,0.004637519626926228,97,2.582531213760376,0.1923086166381836,0.17912787486528936
Gym,"{'criterion': 'entropy', 'max_depth': 20, 'max_features': 'sqrt', 'min_samples_leaf': 8, 'min_samples_split': 14, 'n_estimators': 140}",-0.1550512632388825,0.006384578260119724,71,0.5201935291290283,0.053130483627319335,0.17912787486528936
Gym,"{'criterion': 'log_loss', 'max_depth': 20, 'max_features': 'sqrt', 'min_samples_leaf': 1, 'min_samples_split': 8, 'n_estimators': 620}",-0.15388197576425447,0.006512793550730112,20,2.670293617248535,0.17718634605407715,0.17912787486528936
Gym,"{'criterion': 'entropy', 'max_depth': 10, 'max_features': 0.5, 'min_samples_leaf': 8, 'min_samples_split': 12, 'n_estimators': 598}",-0.1541203946527825,0.006116985828715865,42,2.7245647430419924,0.17234678268432618,0.17912787486528936
Gym,"{'criterion': 'log_loss', 'max_depth': None, 'max_features': 0.33, 'min_samples_leaf': 3, 'min_samples_split': 2, 'n_estimators': 478}",-0.15343690249340383,0.006603076033404639,4,2.0352876663208006,0.125893497467041,0.17912787486528936
Gym,"{'criterion': 'log_loss', 'max_depth': 15, 'max_features': 0.33, 'min_samples_leaf': 9, 'min_samples_split': 8, 'n_estimators': 300}",-0.15531884506689084,0.0056612039814645755,73,1.1220046520233153,0.08616404533386231,0.17912787486528936
Gym,"{'criterion': 'entropy', 'max_depth': None, 'max_features': 0.1, 'min_samples_leaf': 1, 'min_samples_split': 17, 'n_estimators': 602}",-0.16479627168066344,0.0054214423969342175,84,1.815544557571411,0.1603825569152832,0.17912787486528936
Gym,"{'criterion': 'log_loss', 'max_depth': 15, 'max_features': 0.5, 'min_samples_leaf': 5, 'min_samples_split': 4, 'n_estimators': 783}",-0.15368868482091974,0.007122362938006231,10,3.8481000423431397,0.19406332969665527,0.17912787486528936
Gym,"{'criterion': 'entropy', 'max_depth': 15, 'max_features': 0.33, 'min_samples_leaf': 3, 'min_samples_split': 2, 'n_estimators': 838}",-0.15335192546306367,0.006610458763552021,1,3.4652410984039306,0.1937535285949707,0.17912787486528936
Gym,"{'criterion': 'log_loss', 'max_depth': 20, 'max_features': 0.1, 'min_samples_leaf': 3, 'min_samples_split': 2, 'n_estimators': 104}",-0.16253097726728016,0.006246834555038591,79,0.383364200592041,0.05478887557983399,0.17912787486528936
Gym,"{'criterion': 'entropy', 'max_depth': 20, 'max_features': 0.33, 'min_samples_leaf': 7, 'min_samples_split': 10, 'n_estimators': 306}",-0.1544461966770035,0.006540532285283278,54,1.1722362518310547,0.0879746437072754,0.17912787486528936
Gym,"{'criterion': 'log_loss', 'max_depth': 15, 'max_features': 0.1, 'min_samples_leaf': 3, 'min_samples_split': 8, 'n_estimators': 340}",-0.16347617019627944,0.005123367188017226,81,1.0710352897644042,0.09303464889526367,0.17912787486528936
Gym,"{'criterion': 'entropy', 'max_depth': 10, 'max_features': 0.5, 'min_samples_leaf': 4, 'min_samples_split': 6, 'n_estimators': 506}",-0.1538369055878376,0.006864343360488197,17,2.5161858081817625,0.14109563827514648,0.17912787486528936
Gym,"{'criterion': 'log_loss', 'max_depth': 10, 'max_features': 0.33, 'min_samples_leaf': 4, 'min_samples_split': 14, 'n_estimators': 259}",-0.1539167393759308,0.005788738465539457,22,1.102985668182373,0.06462430953979492,0.17912787486528936
Gym,"{'criterion': 'log_loss', 'max_depth': 20, 'max_features': 0.33, 'min_samples_leaf': 6, 'min_samples_split': 3, 'n_estimators': 781}",-0.15385899858415575,0.006316165478275302,19,3.05794038772583,0.1971500873565674,0.17912787486528936
Gym,"{'criterion': 'log_loss', 'max_depth': 15, 'max_features': 'sqrt', 'min_samples_leaf': 5, 'min_samples_split': 7, 'n_estimators': 895}",-0.15362043005721254,0.006547258743343067,8,3.6423051357269287,0.236883544921875,0.17912787486528936
Gym,"{'criterion': 'entropy', 'max_depth': None, 'max_features': 0.5, 'min_samples_leaf': 4, 'min_samples_split': 12, 'n_estimators': 739}",-0.1539784508801654,0.0070030746559151535,26,3.6133212089538573,0.1865370750427246,0.17912787486528936
Gym,"{'criterion': 'entropy', 'max_depth': 20, 'max_features': 0.5, 'min_samples_leaf': 9, 'min_samples_split': 8, 'n_estimators': 289}",-0.15384087313555156,0.006268181543118396,18,1.3536386966705323,0.0729794979095459,0.17912787486528936
Gym,"{'criterion': 'log_loss', 'max_depth': 10, 'max_features': 'sqrt', 'min_samples_leaf': 9, 'min_samples_split': 14, 'n_estimators': 844}",-0.15495400043213348,0.005821368315911728,69,3.0721500873565675,0.2197516918182373,0.17912787486528936
Gym,"{'criterion': 'log_loss', 'max_depth': 20, 'max_features': 0.1, 'min_samples_leaf': 8, 'min_samples_split': 10, 'n_estimators': 417}",-0.1680573557538024,0.004488814512225768,95,1.2104656219482421,0.09724969863891601,0.17912787486528936
Gym,"{'criterion': 'log_loss', 'max_depth': 10, 'max_features': 0.33, 'min_samples_leaf': 8, 'min_samples_split': 16, 'n_estimators': 926}",-0.15423182236979474,0.0061507972213764315,47,3.623506689071655,0.19062976837158202,0.17912787486528936
Gym,"{'criterion': 'entropy', 'max_depth': None, 'max_features': 0.5, 'min_samples_leaf': 8, 'min_samples_split': 10, 'n_estimators': 791}",-0.15405366618727068,0.006390552992053585,39,3.533428192138672,0.172041654586792,0.17912787486528936
Gym,"{'criterion': 'log_loss', 'max_depth': 15, 'max_features': 'sqrt', 'min_samples_leaf': 4, 'min_samples_split': 13, 'n_estimators': 609}",-0.1537457590790116,0.006728919003779979,11,2.545233964920044,0.15369410514831544,0.17912787486528936
Gym,"{'criterion': 'log_loss', 'max_depth': 15, 'max_features': 0.33, 'min_samples_leaf': 1, 'min_samples_split': 6, 'n_estimators': 724}",-0.1542046504317396,0.006653229465737631,45,3.2054189682006835,0.17395501136779784,0.17912787486528936
Gym,"{'criterion': 'entropy', 'max_depth': 10, 'max_features': 0.33, 'min_samples_leaf': 1, 'min_samples_split': 3, 'n_estimators': 741}",-0.1544743986278197,0.006225071996099779,57,3.1739062309265136,0.18803095817565918,0.17912787486528936
Gym,"{'criterion': 'entropy', 'max_depth': 15, 'max_features': 0.33, 'min_samples_leaf': 5, 'min_samples_split': 2, 'n_estimators': 484}",-0.15383202904555734,0.006443869005358359,16,1.9804124355316162,0.12317581176757812,0.17912787486528936
Gym,"{'criterion': 'log_loss', 'max_depth': 15, 'max_features': 0.1, 'min_samples_leaf': 5, 'min_samples_split': 13, 'n_estimators': 829}",-0.1653651806477001,0.004993336533462331,88,2.4925253868103026,0.20640830993652343,0.17912787486528936
Gym,"{'criterion': 'entropy', 'max_depth': 15, 'max_features': 0.5, 'min_samples_leaf': 7, 'min_samples_split': 5, 'n_estimators': 538}",-0.15381598338982871,0.006447451875711557,14,2.453802967071533,0.15265889167785646,0.17912787486528936
Gym,"{'criterion': 'log_loss', 'max_depth': None, 'max_features': 0.33, 'min_samples_leaf': 1, 'min_samples_split': 7, 'n_estimators': 379}",-0.15425085418937395,0.007201335022033632,49,1.6556463718414307,0.09381380081176757,0.17912787486528936
Gym,"{'criterion': 'log_loss', 'max_depth': None, 'max_features': 0.1, 'min_samples_leaf': 6, 'min_samples_split': 12, 'n_estimators': 610}",-0.16586649255125666,0.004833121515588666,90,1.8088344097137452,0.16268887519836425,0.17912787486528936
Gym,"{'criterion': 'entropy', 'max_depth': None, 'max_features': 'sqrt', 'min_samples_leaf': 9, 'min_samples_split': 7, 'n_estimators': 563}",-0.15493691980343577,0.005938012785385127,67,2.142624092102051,0.1761474132537842,0.17912787486528936
Gym,"{'criterion': 'log_loss', 'max_depth': 20, 'max_features': 0.5, 'min_samples_leaf': 4, 'min_samples_split': 4, 'n_estimators': 610}",-0.15403696222483815,0.007173980277852104,36,3.0893022060394286,0.17391667366027833,0.17912787486528936
Gym,"{'criterion': 'log_loss', 'max_depth': None, 'max_features': 0.5, 'min_samples_leaf': 7, 'min_samples_split': 10, 'n_estimators': 739}",-0.1539975899964769,0.006602859232932902,30,3.565454912185669,0.21541280746459962,0.17912787486528936
Gym,"{'criterion': 'log_loss', 'max_depth': 15, 'max_features': 0.5, 'min_samples_leaf': 1, 'min_samples_split': 12, 'n_estimators': 572}",-0.1539715414422089,0.006732613180246359,25,3.0181036472320555,0.13979549407958985,0.17912787486528936
Gym,"{'criterion': 'entropy', 'max_depth': 20, 'max_features': 0.33, 'min_samples_leaf': 3, 'min_samples_split': 8, 'n_estimators': 863}",-0.15343092977256628,0.006858776023340186,3,3.7586959838867187,0.21910524368286133,0.17912787486528936
Gym,"{'criterion': 'entropy', 'max_depth': 15, 'max_features': 0.5, 'min_samples_leaf': 9, 'min_samples_split': 18, 'n_estimators': 101}",-0.15402225223167146,0.006864233300144787,33,0.4832716464996338,0.04535632133483887,0.17912787486528936
Gym,"{'criterion': 'log_loss', 'max_depth': None, 'max_features': 0.1, 'min_samples_leaf': 5, 'min_samples_split': 6, 'n_estimators': 259}",-0.1656956306474082,0.005366418305468447,89,0.7821914672851562,0.09477753639221191,0.17912787486528936
Gym,"{'criterion': 'log_loss', 'max_depth': 20, 'max_features': 'sqrt', 'min_samples_leaf': 9, 'min_samples_split': 4, 'n_estimators': 758}",-0.15486268435978862,0.005923865000143909,66,2.7776028633117678,0.18685612678527833,0.17912787486528936
Gym,"{'criterion': 'entropy', 'max_depth': None, 'max_features': 0.33, 'min_samples_leaf': 4, 'min_samples_split': 2, 'n_estimators': 727}",-0.15364939711318296,0.006539649445894076,9,3.037500762939453,0.16447319984436035,0.17912787486528936
Gym,"{'criterion': 'log_loss', 'max_depth': 10, 'max_features': 0.5, 'min_samples_leaf': 4, 'min_samples_split': 7, 'n_estimators': 203}",-0.15465766096397573,0.0070912123883605585,60,0.9770914554595947,0.05737752914428711,0.17912787486528936
Gym,"{'criterion': 'entropy', 'max_depth': 15, 'max_features': 0.33, 'min_samples_leaf': 9, 'min_samples_split': 4, 'n_estimators': 252}",-0.1554098078393966,0.005834072575850832,76,0.9228516101837159,0.07668447494506836,0.17912787486528936
Gym,"{'criterion': 'log_loss', 'max_depth': 15, 'max_features': 0.5, 'min_samples_leaf': 2, 'min_samples_split': 3, 'n_estimators': 921}",-0.1541288521036679,0.007503592826352135,43,4.908543539047241,0.22323546409606934,0.17912787486528936
Gym,"{'criterion': 'log_loss', 'max_depth': None, 'max_features': 'sqrt', 'min_samples_leaf': 9, 'min_samples_split': 5, 'n_estimators': 260}",-0.15536386961038326,0.005705955322415307,74,1.0471920013427733,0.08371081352233886,0.17912787486528936
Gym,"{'criterion': 'entropy', 'max_depth': 10, 'max_features': 0.1, 'min_samples_leaf': 5, 'min_samples_split': 17, 'n_estimators': 603}",-0.16757980846936343,0.004411150723795847,93,1.8317955017089844,0.182953405380249,0.17912787486528936
Gym,"{'criterion': 'entropy', 'max_depth': None, 'max_features': 0.33, 'min_samples_leaf': 3, 'min_samples_split': 18, 'n_estimators': 739}",-0.15452205031424748,0.005980256384674533,58,3.027949905395508,0.23984041213989257,0.17912787486528936
Gym,"{'criterion': 'log_loss', 'max_depth': None, 'max_features': 0.5, 'min_samples_leaf': 3, 'min_samples_split': 15, 'n_estimators': 769}",-0.15411805197302975,0.00678118094880178,41,3.753046655654907,0.22728180885314941,0.17912787486528936
Gym,"{'criterion': 'entropy', 'max_depth': 15, 'max_features': 'sqrt', 'min_samples_leaf': 3, 'min_samples_split': 9, 'n_estimators': 382}",-0.15402914844351906,0.006616222226067333,35,1.6018200874328614,0.11032805442810059,0.17912787486528936
Gym,"{'criterion': 'log_loss', 'max_depth': 15, 'max_features': 'sqrt', 'min_samples_leaf': 1, 'min_samples_split': 16, 'n_estimators': 580}",-0.15470191073528566,0.006392122061637445,64,2.455638885498047,0.2018815040588379,0.17912787486528936
Gym,"{'criterion': 'log_loss', 'max_depth': None, 'max_features': 'sqrt', 'min_samples_leaf': 3, 'min_samples_split': 5, 'n_estimators': 646}",-0.15352995564478933,0.006805129767166295,5,2.6809831619262696,0.1790560245513916,0.17912787486528936
Gym,"{'criterion': 'entropy', 'max_depth': 10, 'max_features': 0.5, 'min_samples_leaf': 1, 'min_samples_split': 13, 'n_estimators': 319}",-0.15469216255456147,0.006329656050407786,63,1.5726293087005616,0.0818864345550537,0.17912787486528936
Gym,"{'criterion': 'entropy', 'max_depth': 10, 'max_features': 0.1, 'min_samples_leaf': 5, 'min_samples_split': 7, 'n_estimators': 198}",-0.16781851032005565,0.004612499484706584,94,0.6657630920410156,0.06260261535644532,0.17912787486528936
Gym,"{'criterion': 'entropy', 'max_depth': 10, 'max_features': 'sqrt', 'min_samples_leaf': 8, 'min_samples_split': 18, 'n_estimators': 401}",-0.15466270661916476,0.005601052347170278,61,1.5027877807617187,0.11488690376281738,0.17912787486528936
Gym,"{'criterion': 'log_loss', 'max_depth': 20, 'max_features': 0.33, 'min_samples_leaf': 1, 'min_samples_split': 2, 'n_estimators': 355}",-0.1535957856954989,0.007780932780997255,6,1.6094978332519532,0.08983154296875,0.17912787486528936
Gym,"{'criterion': 'log_loss', 'max_depth': None, 'max_features': 0.1, 'min_samples_leaf': 9, 'min_samples_split': 11, 'n_estimators': 834}",-0.1691665767598655,0.004297863673493947,100,2.366046142578125,0.19527220726013184,0.17912787486528936
Gym,"{'criterion': 'entropy', 'max_depth': 15, 'max_features': 0.33, 'min_samples_leaf': 8, 'min_samples_split': 15, 'n_estimators': 891}",-0.15444730922700722,0.006215042238493194,55,3.298935079574585,0.2217587947845459,0.17912787486528936
Gym,"{'criterion': 'entropy', 'max_depth': None, 'max_features': 0.33, 'min_samples_leaf': 6, 'min_samples_split': 3, 'n_estimators': 738}",-0.15389579901424694,0.006195443686052363,21,2.813067817687988,0.21065726280212402,0.17912787486528936
Gym,"{'criterion': 'log_loss', 'max_depth': 15, 'max_features': 0.1, 'min_samples_leaf': 1, 'min_samples_split': 9, 'n_estimators': 492}",-0.1623421906596035,0.004884504389440606,78,1.6570189952850343,0.1441133975982666,0.17912787486528936
Gym,"{'criterion': 'log_loss', 'max_depth': 15, 'max_features': 0.5, 'min_samples_leaf': 7, 'min_samples_split': 11, 'n_estimators': 858}",-0.15397983614641114,0.006758409036427594,27,3.9280556201934815,0.19809799194335936,0.17912787486528936
Gym,"{'criterion': 'entropy', 'max_depth': 20, 'max_features': 0.1, 'min_samples_leaf': 9, 'min_samples_split': 14, 'n_estimators': 927}",-0.1690130192370317,0.004404741844559888,98,2.711760330200195,0.21147632598876953,0.17912787486528936
Gym,"{'criterion': 'entropy', 'max_depth': 20, 'max_features': 'sqrt', 'min_samples_leaf': 4, 'min_samples_split': 14, 'n_estimators': 119}",-0.15401945746550386,0.006187847070674218,31,0.46964230537414553,0.044269227981567384,0.17912787486528936
Gym,"{'criterion': 'log_loss', 'max_depth': None, 'max_features': 0.5, 'min_samples_leaf': 3, 'min_samples_split': 16, 'n_estimators': 191}",-0.1546339905811751,0.006436813791817428,59,0.9274825096130371,0.06785483360290527,0.17912787486528936
Gym,"{'criterion': 'entropy', 'max_depth': 15, 'max_features': 0.5, 'min_samples_leaf': 7, 'min_samples_split': 18, 'n_estimators': 791}",-0.15404774326310475,0.006302239016280256,37,3.724678659439087,0.1962432861328125,0.17912787486528936
Gym,"{'criterion': 'entropy', 'max_depth': 15, 'max_features': 0.33, 'min_samples_leaf': 6, 'min_samples_split': 12, 'n_estimators': 543}",-0.15377245545857404,0.006316775084371663,13,2.208873224258423,0.15973563194274903,0.17912787486528936
Gym,"{'criterion': 'log_loss', 'max_depth': 10, 'max_features': 0.5, 'min_samples_leaf': 5, 'min_samples_split': 13, 'n_estimators': 719}",-0.15374702999146553,0.006947513307479184,12,3.516411781311035,0.17008771896362304,0.17912787486528936
Gym,"{'criterion': 'log_loss', 'max_depth': 20, 'max_features': 0.5, 'min_samples_leaf': 6, 'min_samples_split': 14, 'n_estimators': 983}",-0.1539919661393089,0.006671290079426804,28,4.833318614959717,0.2580447196960449,0.17912787486528936
Gym,"{'criterion': 'entropy', 'max_depth': 20, 'max_features': 0.33, 'min_samples_leaf': 7, 'min_samples_split': 9, 'n_estimators': 919}",-0.1542055017859904,0.006305936015441416,46,3.5397637367248533,0.22106757164001464,0.17912787486528936
Gym,"{'criterion': 'entropy', 'max_depth': 10, 'max_features': 0.1, 'min_samples_leaf': 3, 'min_samples_split': 18, 'n_estimators': 219}",-0.1674372186698695,0.0042511597355286476,92,0.6995386123657227,0.0704315185546875,0.17912787486528936
Gym,"{'criterion': 'log_loss', 'max_depth': 20, 'max_features': 0.5, 'min_samples_leaf': 7, 'min_samples_split': 6, 'n_estimators': 573}",-0.1539213273186635,0.006484343735756741,23,2.6889381885528563,0.1406034469604492,0.17912787486528936
Gym,"{'criterion': 'log_loss', 'max_depth': 15, 'max_features': 0.33, 'min_samples_leaf': 9, 'min_samples_split': 13, 'n_estimators': 740}",-0.1548605080864721,0.005936278328841952,65,2.8693214416503907,0.18944082260131836,0.17912787486528936
Gym,"{'criterion': 'entropy', 'max_depth': 15, 'max_features': 'sqrt', 'min_samples_leaf': 2, 'min_samples_split': 17, 'n_estimators': 700}",-0.1543365207184358,0.006298918592556928,51,2.7942599296569823,0.15340218544006348,0.17912787486528936
Gym,"{'criterion': 'entropy', 'max_depth': 10, 'max_features': 'sqrt', 'min_samples_leaf': 1, 'min_samples_split': 17, 'n_estimators': 288}",-0.15527101750470815,0.005768808365112044,72,1.177210760116577,0.08419036865234375,0.17912787486528936
Gym,"{'criterion': 'log_loss', 'max_depth': None, 'max_features': 0.33, 'min_samples_leaf': 5, 'min_samples_split': 4, 'n_estimators': 175}",-0.15404996012698663,0.0064994827742595514,38,0.7078114509582519,0.0598264217376709,0.17912787486528936
Gym,"{'criterion': 'entropy', 'max_depth': None, 'max_features': 0.33, 'min_samples_leaf': 5, 'min_samples_split': 15, 'n_estimators': 319}",-0.15495118189429943,0.005805232118068298,68,1.2696978569030761,0.09915633201599121,0.17912787486528936
Gym,"{'criterion': 'log_loss', 'max_depth': 20, 'max_features': 'sqrt', 'min_samples_leaf': 4, 'min_samples_split': 6, 'n_estimators': 303}",-0.1540218248335579,0.006426853773828041,32,1.2335282802581786,0.09799251556396485,0.17912787486528936
Gym,"{'criterion': 'entropy', 'max_depth': 15, 'max_features': 0.1, 'min_samples_leaf': 5, 'min_samples_split': 8, 'n_estimators': 711}",-0.1648556051332994,0.00501971126366779,85,2.047417736053467,0.18589324951171876,0.17912787486528936
Gym,"{'criterion': 'log_loss', 'max_depth': 15, 'max_features': 0.1, 'min_samples_leaf': 5, 'min_samples_split': 11, 'n_estimators': 857}",-0.16522649097371284,0.005005959937147896,87,2.554528570175171,0.24472370147705078,0.17912787486528936
Gym,"{'criterion': 'log_loss', 'max_depth': None, 'max_features': 0.1, 'min_samples_leaf': 4, 'min_samples_split': 11, 'n_estimators': 861}",-0.1643515458936457,0.005137101960791035,83,2.7733885288238525,0.21274209022521973,0.17912787486528936
Gym,"{'criterion': 'log_loss', 'max_depth': 15, 'max_features': 0.5, 'min_samples_leaf': 1, 'min_samples_split': 6, 'n_estimators': 615}",-0.1546660505645364,0.007567070924888711,62,3.1754104137420653,0.13961272239685057,0.17912787486528936
Gym,"{'criterion': 'entropy', 'max_depth': None, 'max_features': 0.5, 'min_samples_leaf': 7, 'min_samples_split': 3, 'n_estimators': 596}",-0.15396381366049677,0.006500267680056879,24,2.8042721271514894,0.16305866241455078,0.17912787486528936
Gym,"{'criterion': 'entropy', 'max_depth': None, 'max_features': 0.5, 'min_samples_leaf': 4, 'min_samples_split': 13, 'n_estimators': 789}",-0.15362000054888422,0.007011444236964869,7,4.073510551452637,0.2118192195892334,0.17912787486528936
Gym,"{'criterion': 'log_loss', 'max_depth': None, 'max_features': 'sqrt', 'min_samples_leaf': 1, 'min_samples_split': 12, 'n_estimators': 712}",-0.15425506864460747,0.006492338618695693,50,3.1516379833221437,0.15576772689819335,0.17912787486528936
Gym,"{'criterion': 'entropy', 'max_depth': 20, 'max_features': 'sqrt', 'min_samples_leaf': 1, 'min_samples_split': 9, 'n_estimators': 941}",-0.15381604729206466,0.006578904717211214,15,3.9322640895843506,0.27446999549865725,0.17912787486528936
Gym,"{'criterion': 'log_loss', 'max_depth': None, 'max_features': 'sqrt', 'min_samples_leaf': 2, 'min_samples_split': 19, 'n_estimators': 134}",-0.15445701370338435,0.006556410642882296,56,0.5564084053039551,0.05126214027404785,0.17912787486528936
Gym,"{'criterion': 'log_loss', 'max_depth': 10, 'max_features': 0.1, 'min_samples_leaf': 8, 'min_samples_split': 11, 'n_estimators': 701}",-0.16907543167187725,0.004384701956127564,99,1.9345488548278809,0.1866328239440918,0.17912787486528936
Gym,"{'criterion': 'entropy', 'max_depth': 15, 'max_features': 0.33, 'min_samples_leaf': 9, 'min_samples_split': 8, 'n_estimators': 295}",-0.15536727001675338,0.00566949229379205,75,1.074953269958496,0.08515348434448242,0.17912787486528936
Gym,"{'criterion': 'entropy', 'max_depth': 10, 'max_features': 0.1, 'min_samples_leaf': 8, 'min_samples_split': 5, 'n_estimators': 828}",-0.1688824248751569,0.004361779524806607,96,2.148409128189087,0.1519373893737793,0.17912787486528936
Heart Disease,"{'criterion': 'log_loss', 'max_depth': None, 'max_features': 'sqrt', 'min_samples_leaf': 8, 'min_samples_split': 8, 'n_estimators': 221}",-0.1300498819020656,0.018991873579293155,39,0.5712333202362061,0.06125936508178711,0.10842959073575012
Heart Disease,"{'criterion': 'log_loss', 'max_depth': 20, 'max_features': 0.33, 'min_samples_leaf': 8, 'min_samples_split': 5, 'n_estimators': 971}",-0.12953157195853116,0.018910140597821215,28,2.243995523452759,0.19313583374023438,0.10842959073575012
Heart Disease,"{'criterion': 'entropy', 'max_depth': 20, 'max_features': 0.1, 'min_samples_leaf': 5, 'min_samples_split': 3, 'n_estimators': 443}",-0.13305273827313252,0.01653350056501491,84,0.9847816467285156,0.10905780792236328,0.10842959073575012
Heart Disease,"{'criterion': 'entropy', 'max_depth': 15, 'max_features': 0.1, 'min_samples_leaf': 2, 'min_samples_split': 2, 'n_estimators': 559}",-0.12944864489686775,0.017031011986208943,25,1.2414602756500244,0.1265510082244873,0.10842959073575012
Heart Disease,"{'criterion': 'entropy', 'max_depth': 15, 'max_features': 'sqrt', 'min_samples_leaf': 9, 'min_samples_split': 18, 'n_estimators': 574}",-0.13013847134473272,0.018753618730830836,40,1.354284906387329,0.11800942420959473,0.10842959073575012
Heart Disease,"{'criterion': 'log_loss', 'max_depth': 20, 'max_features': 0.1, 'min_samples_leaf': 3, 'min_samples_split': 13, 'n_estimators': 666}",-0.13163250997807543,0.016994347898357152,75,1.4701162815093993,0.13319501876831055,0.10842959073575012
Heart Disease,"{'criterion': 'entropy', 'max_depth': None, 'max_features': 'sqrt', 'min_samples_leaf': 3, 'min_samples_split': 6, 'n_estimators': 918}",-0.12845000741083862,0.019357647689707422,3,2.236476707458496,0.2102184772491455,0.10842959073575012
Heart Disease,"{'criterion': 'log_loss', 'max_depth': 10, 'max_features': 'sqrt', 'min_samples_leaf': 7, 'min_samples_split': 19, 'n_estimators': 487}",-0.12979634784716235,0.01854527712934325,34,1.15701584815979,0.08813204765319824,0.10842959073575012
Heart Disease,"{'criterion': 'log_loss', 'max_depth': None, 'max_features': 0.1, 'min_samples_leaf': 2, 'min_samples_split': 10, 'n_estimators': 445}",-0.13159523842856982,0.01694563909682701,74,0.9868781566619873,0.08015193939208984,0.10842959073575012
Heart Disease,"{'criterion': 'log_loss', 'max_depth': 15, 'max_features': 0.5, 'min_samples_leaf': 7, 'min_samples_split': 13, 'n_estimators': 608}",-0.13067910296881197,0.01931504723498996,57,1.5278046607971192,0.11549372673034668,0.10842959073575012
Heart Disease,"{'criterion': 'entropy', 'max_depth': 20, 'max_features': 0.33, 'min_samples_leaf': 1, 'min_samples_split': 5, 'n_estimators': 661}",-0.13103344547815174,0.018404238734803395,67,1.6423440456390381,0.13106904029846192,0.10842959073575012
Heart Disease,"{'criterion': 'entropy', 'max_depth': None, 'max_features': 0.1, 'min_samples_leaf': 6, 'min_samples_split': 11, 'n_estimators': 871}",-0.13427278478280238,0.015815468720447923,94,1.8462665557861329,0.17167057991027831,0.10842959073575012
Heart Disease,"{'criterion': 'entropy', 'max_depth': 10, 'max_features': 0.33, 'min_samples_leaf': 2, 'min_samples_split': 13, 'n_estimators': 261}",-0.12974202472624158,0.018866619619918885,33,0.6158024311065674,0.06530585289001464,0.10842959073575012
Heart Disease,"{'criterion': 'entropy', 'max_depth': 15, 'max_features': 0.5, 'min_samples_leaf': 8, 'min_samples_split': 15, 'n_estimators': 826}",-0.13061892872030273,0.01943913949198957,53,2.2035717964172363,0.1485039234161377,0.10842959073575012
Heart Disease,"{'criterion': 'entropy', 'max_depth': 10, 'max_features': 0.1, 'min_samples_leaf': 8, 'min_samples_split': 17, 'n_estimators': 848}",-0.13671148544042405,0.015720753950720562,98,1.7078036308288573,0.15374889373779296,0.10842959073575012
Heart Disease,"{'criterion': 'entropy', 'max_depth': 20, 'max_features': 'sqrt', 'min_samples_leaf': 8, 'min_samples_split': 14, 'n_estimators': 140}",-0.1301472578146949,0.018467880074055275,41,0.3457621097564697,0.04815936088562012,0.10842959073575012
Heart Disease,"{'criterion': 'log_loss', 'max_depth': 20, 'max_features': 'sqrt', 'min_samples_leaf': 1, 'min_samples_split': 8, 'n_estimators': 620}",-0.12940245197817682,0.01872630875647906,24,1.5023005962371827,0.12535080909729004,0.10842959073575012
Heart Disease,"{'criterion': 'entropy', 'max_depth': 10, 'max_features': 0.5, 'min_samples_leaf': 8, 'min_samples_split': 12, 'n_estimators': 598}",-0.1305626451341042,0.01947370068009498,49,1.4959004878997804,0.11451535224914551,0.10842959073575012
Heart Disease,"{'criterion': 'log_loss', 'max_depth': None, 'max_features': 0.33, 'min_samples_leaf': 3, 'min_samples_split': 2, 'n_estimators': 478}",-0.12846364387206516,0.019258788290611915,4,1.196115779876709,0.08320069313049316,0.10842959073575012
Heart Disease,"{'criterion': 'log_loss', 'max_depth': 15, 'max_features': 0.33, 'min_samples_leaf': 9, 'min_samples_split': 8, 'n_estimators': 300}",-0.1303253575938617,0.018664883409385966,45,0.6878283977508545,0.0544464111328125,0.10842959073575012
Heart Disease,"{'criterion': 'entropy', 'max_depth': None, 'max_features': 0.1, 'min_samples_leaf': 1, 'min_samples_split': 17, 'n_estimators': 602}",-0.1320600517244827,0.016434964287534014,77,1.3618153095245362,0.11969990730285644,0.10842959073575012
Heart Disease,"{'criterion': 'log_loss', 'max_depth': 15, 'max_features': 0.5, 'min_samples_leaf': 5, 'min_samples_split': 4, 'n_estimators': 783}",-0.13079554332194293,0.019359555785454764,65,2.045712184906006,0.15571208000183107,0.10842959073575012
Heart Disease,"{'criterion': 'entropy', 'max_depth': 15, 'max_features': 0.33, 'min_samples_leaf': 3, 'min_samples_split': 2, 'n_estimators': 838}",-0.12858455260461074,0.019350555152310277,6,2.0781350135803223,0.17790369987487792,0.10842959073575012
Heart Disease,"{'criterion': 'log_loss', 'max_depth': 20, 'max_features': 0.1, 'min_samples_leaf': 3, 'min_samples_split': 2, 'n_estimators': 104}",-0.13289911443680075,0.016353672566194338,82,0.25110936164855957,0.038321828842163085,0.10842959073575012
Heart Disease,"{'criterion': 'entropy', 'max_depth': 20, 'max_features': 0.33, 'min_samples_leaf': 7, 'min_samples_split': 10, 'n_estimators': 306}",-0.12934681865525488,0.018217273457468805,22,0.7398941993713379,0.06628599166870117,0.10842959073575012
Heart Disease,"{'criterion': 'log_loss', 'max_depth': 15, 'max_features': 0.1, 'min_samples_leaf': 3, 'min_samples_split': 8, 'n_estimators': 340}",-0.1307740078410306,0.01673178296558613,64,0.7470409870147705,0.06848974227905273,0.10842959073575012
Heart Disease,"{'criterion': 'entropy', 'max_depth': 10, 'max_features': 0.5, 'min_samples_leaf': 4, 'min_samples_split': 6, 'n_estimators': 506}",-0.13145707448607896,0.019845731105295257,71,1.2664749145507812,0.09619817733764649,0.10842959073575012
Heart Disease,"{'criterion': 'log_loss', 'max_depth': 10, 'max_features': 0.33, 'min_samples_leaf': 4, 'min_samples_split': 14, 'n_estimators': 259}",-0.12900247947491836,0.017666948138901163,16,0.6226028442382813,0.05773911476135254,0.10842959073575012
Heart Disease,"{'criterion': 'log_loss', 'max_depth': 20, 'max_features': 0.33, 'min_samples_leaf': 6, 'min_samples_split': 3, 'n_estimators': 781}",-0.12876608111056057,0.018789279353515865,10,1.8400038719177245,0.14148340225219727,0.10842959073575012
Heart Disease,"{'criterion': 'log_loss', 'max_depth': 15, 'max_features': 'sqrt', 'min_samples_leaf': 5, 'min_samples_split': 7, 'n_estimators': 895}",-0.1283359496020339,0.01915152325136608,1,2.1146688938140867,0.17137913703918456,0.10842959073575012
Heart Disease,"{'criterion': 'entropy', 'max_depth': None, 'max_features': 0.5, 'min_samples_leaf': 4, 'min_samples_split': 12, 'n_estimators': 739}",-0.13067597924862326,0.01963893730473781,56,1.9497904777526855,0.14360198974609376,0.10842959073575012
Heart Disease,"{'criterion': 'entropy', 'max_depth': 20, 'max_features': 0.5, 'min_samples_leaf': 9, 'min_samples_split': 8, 'n_estimators': 289}",-0.131567487379414,0.019484945121785946,72,0.7403857231140136,0.061312532424926756,0.10842959073575012
Heart Disease,"{'criterion': 'log_loss', 'max_depth': 10, 'max_features': 'sqrt', 'min_samples_leaf': 9, 'min_samples_split': 14, 'n_estimators': 844}",-0.12998661652814086,0.01885991223977801,35,2.076828956604004,0.22081985473632812,0.10842959073575012
Heart Disease,"{'criterion': 'log_loss', 'max_depth': 20, 'max_features': 0.1, 'min_samples_leaf': 8, 'min_samples_split': 10, 'n_estimators': 417}",-0.13642114924374063,0.015339321604674019,97,0.9541252136230469,0.0826796054840088,0.10842959073575012
Heart Disease,"{'criterion': 'log_loss', 'max_depth': 10, 'max_features': 0.33, 'min_samples_leaf': 8, 'min_samples_split': 16, 'n_estimators': 926}",-0.12952755514857073,0.01891309658321247,27,2.1810860633850098,0.16594500541687013,0.10842959073575012
Heart Disease,"{'criterion': 'entropy', 'max_depth': None, 'max_features': 0.5, 'min_samples_leaf': 8, 'min_samples_split': 10, 'n_estimators': 791}",-0.13070076305687822,0.01952518581046788,59,1.984367561340332,0.13290877342224122,0.10842959073575012
Heart Disease,"{'criterion': 'log_loss', 'max_depth': 15, 'max_features': 'sqrt', 'min_samples_leaf': 4, 'min_samples_split': 13, 'n_estimators': 609}",-0.12852633995542792,0.018917915560349854,5,1.5196952819824219,0.11899337768554688,0.10842959073575012
Heart Disease,"{'criterion': 'log_loss', 'max_depth': 15, 'max_features': 0.33, 'min_samples_leaf': 1, 'min_samples_split': 6, 'n_estimators': 724}",-0.13051924657523895,0.01924408251390563,48,1.8211259365081787,0.14330644607543946,0.10842959073575012
Heart Disease,"{'criterion': 'entropy', 'max_depth': 10, 'max_features': 0.33, 'min_samples_leaf': 1, 'min_samples_split': 3, 'n_estimators': 741}",-0.13061890043531285,0.01853241919651158,52,1.8775084972381593,0.14192967414855956,0.10842959073575012
Heart Disease,"{'criterion': 'entropy', 'max_depth': 15, 'max_features': 0.33, 'min_samples_leaf': 5, 'min_samples_split': 2, 'n_estimators': 484}",-0.12875007699376056,0.01919708750702145,9,1.1653526782989503,0.09989118576049805,0.10842959073575012
Heart Disease,"{'criterion': 'log_loss', 'max_depth': 15, 'max_features': 0.1, 'min_samples_leaf': 5, 'min_samples_split': 13, 'n_estimators': 829}",-0.13310945386804288,0.016291836161003426,87,1.7060656547546387,0.15646262168884278,0.10842959073575012
Heart Disease,"{'criterion': 'entropy', 'max_depth': 15, 'max_features': 0.5, 'min_samples_leaf': 7, 'min_samples_split': 5, 'n_estimators': 538}",-0.1308577158188861,0.019307542475939167,66,1.2984845161437988,0.13077874183654786,0.10842959073575012
Heart Disease,"{'criterion': 'log_loss', 'max_depth': None, 'max_features': 0.33, 'min_samples_leaf': 1, 'min_samples_split': 7, 'n_estimators': 379}",-0.13067584677253458,0.01816828387164562,55,0.9309097290039062,0.08787422180175782,0.10842959073575012
Heart Disease,"{'criterion': 'log_loss', 'max_depth': None, 'max_features': 0.1, 'min_samples_leaf': 6, 'min_samples_split': 12, 'n_estimators': 610}",-0.13421585500248873,0.01587940268612111,93,1.3074327945709228,0.12162365913391113,0.10842959073575012
Heart Disease,"{'criterion': 'entropy', 'max_depth': None, 'max_features': 'sqrt', 'min_samples_leaf': 9, 'min_samples_split': 7, 'n_estimators': 563}",-0.13016388120051398,0.018705453041960817,42,1.2443133354187013,0.10957093238830566,0.10842959073575012
Heart Disease,"{'criterion': 'log_loss', 'max_depth': 20, 'max_features': 0.5, 'min_samples_leaf': 4, 'min_samples_split': 4, 'n_estimators': 610}",-0.13143368462878943,0.019974369033727568,70,1.571631956100464,0.12142000198364258,0.10842959073575012
Heart Disease,"{'criterion': 'log_loss', 'max_depth': None, 'max_features': 0.5, 'min_samples_leaf': 7, 'min_samples_split': 10, 'n_estimators': 739}",-0.13068423339699511,0.019279880246572338,58,1.878372859954834,0.13347220420837402,0.10842959073575012
Heart Disease,"{'criterion': 'log_loss', 'max_depth': 15, 'max_features': 0.5, 'min_samples_leaf': 1, 'min_samples_split': 12, 'n_estimators': 572}",-0.13252502818521164,0.019620093839340758,81,1.5064494609832764,0.12520275115966797,0.10842959073575012
Heart Disease,"{'criterion': 'entropy', 'max_depth': 20, 'max_features': 0.33, 'min_samples_leaf': 3, 'min_samples_split': 8, 'n_estimators': 863}",-0.1284245279859124,0.018773786529239955,2,2.119963788986206,0.1780167579650879,0.10842959073575012
Heart Disease,"{'criterion': 'entropy', 'max_depth': 15, 'max_features': 0.5, 'min_samples_leaf': 9, 'min_samples_split': 18, 'n_estimators': 101}",-0.1315827633715745,0.018472982259328977,73,0.2640060901641846,0.035346269607543945,0.10842959073575012
Heart Disease,"{'criterion': 'log_loss', 'max_depth': None, 'max_features': 0.1, 'min_samples_leaf': 5, 'min_samples_split': 6, 'n_estimators': 259}",-0.13314422365643674,0.016249981709472294,88,0.5643883228302002,0.052767705917358396,0.10842959073575012
Heart Disease,"{'criterion': 'log_loss', 'max_depth': 20, 'max_features': 'sqrt', 'min_samples_leaf': 9, 'min_samples_split': 4, 'n_estimators': 758}",-0.12999496029886987,0.01886829630274222,36,1.7582818508148192,0.1402423858642578,0.10842959073575012
Heart Disease,"{'criterion': 'entropy', 'max_depth': None, 'max_features': 0.33, 'min_samples_leaf': 4, 'min_samples_split': 2, 'n_estimators': 727}",-0.1289206533510472,0.01952351280223177,14,1.7863292217254638,0.1336822509765625,0.10842959073575012
Heart Disease,"{'criterion': 'log_loss', 'max_depth': 10, 'max_features': 0.5, 'min_samples_leaf': 4, 'min_samples_split': 7, 'n_estimators': 203}",-0.13194684803378132,0.020282384934853313,76,0.5468078136444092,0.052422618865966795,0.10842959073575012
Heart Disease,"{'criterion': 'entropy', 'max_depth': 15, 'max_features': 0.33, 'min_samples_leaf': 9, 'min_samples_split': 4, 'n_estimators': 252}",-0.1302948177705428,0.01878157731135925,44,0.5794289112091064,0.05779004096984863,0.10842959073575012
Heart Disease,"{'criterion': 'log_loss', 'max_depth': 15, 'max_features': 0.5, 'min_samples_leaf': 2, 'min_samples_split': 3, 'n_estimators': 921}",-0.13308417824031232,0.019272811162275028,86,2.4427490234375,0.1468946933746338,0.10842959073575012
Heart Disease,"{'criterion': 'log_loss', 'max_depth': None, 'max_features': 'sqrt', 'min_samples_leaf': 9, 'min_samples_split': 5, 'n_estimators': 260}",-0.13033663023525938,0.018813403489485132,46,0.5913768291473389,0.05618963241577148,0.10842959073575012
Heart Disease,"{'criterion': 'entropy', 'max_depth': 10, 'max_features': 0.1, 'min_samples_leaf': 5, 'min_samples_split': 17, 'n_estimators': 603}",-0.1337939873006066,0.0161479454157546,92,1.2949334621429442,0.1264476776123047,0.10842959073575012
Heart Disease,"{'criterion': 'entropy', 'max_depth': None, 'max_features': 0.33, 'min_samples_leaf': 3, 'min_samples_split': 18, 'n_estimators': 739}",-0.12899715927440963,0.019038034300294625,15,1.7412047386169434,0.15126652717590333,0.10842959073575012
Heart Disease,"{'criterion': 'log_loss', 'max_depth': None, 'max_features': 0.5, 'min_samples_leaf': 3, 'min_samples_split': 15, 'n_estimators': 769}",-0.13121607119377504,0.019993728906087034,68,2.012822675704956,0.14256434440612792,0.10842959073575012
Heart Disease,"{'criterion': 'entropy', 'max_depth': 15, 'max_features': 'sqrt', 'min_samples_leaf': 3, 'min_samples_split': 9, 'n_estimators': 382}",-0.12879566566407696,0.01904169214740977,11,0.9533890724182129,0.07536263465881347,0.10842959073575012
Heart Disease,"{'criterion': 'log_loss', 'max_depth': 15, 'max_features': 'sqrt', 'min_samples_leaf': 1, 'min_samples_split': 16, 'n_estimators': 580}",-0.12880515969728915,0.018982636704325102,12,1.4103503227233887,0.11464276313781738,0.10842959073575012
Heart Disease,"{'criterion': 'log_loss', 'max_depth': None, 'max_features': 'sqrt', 'min_samples_leaf': 3, 'min_samples_split': 5, 'n_estimators': 646}",-0.12871148654034165,0.01950577675149725,7,1.5860913276672364,0.13491253852844237,0.10842959073575012
Heart Disease,"{'criterion': 'entropy', 'max_depth': 10, 'max_features': 0.5, 'min_samples_leaf': 1, 'min_samples_split': 13, 'n_estimators': 319}",-0.132251316182385,0.020136310089459982,78,0.860563850402832,0.0775217056274414,0.10842959073575012
Heart Disease,"{'criterion': 'entropy', 'max_depth': 10, 'max_features': 0.1, 'min_samples_leaf': 5, 'min_samples_split': 7, 'n_estimators': 198}",-0.13360985123365407,0.01585879591641445,91,0.4370256900787354,0.05093097686767578,0.10842959073575012
Heart Disease,"{'criterion': 'entropy', 'max_depth': 10, 'max_features': 'sqrt', 'min_samples_leaf': 8, 'min_samples_split': 18, 'n_estimators': 401}",-0.12969831497923676,0.01877466462656732,32,0.9378765106201172,0.08963289260864257,0.10842959073575012
Heart Disease,"{'criterion': 'log_loss', 'max_depth': 20, 'max_features': 0.33, 'min_samples_leaf': 1, 'min_samples_split': 2, 'n_estimators': 355}",-0.1322561782124686,0.018333161365363053,79,0.9391804218292237,0.07456388473510742,0.10842959073575012
Heart Disease,"{'criterion': 'log_loss', 'max_depth': None, 'max_features': 0.1, 'min_samples_leaf': 9, 'min_samples_split': 11, 'n_estimators': 834}",-0.13782295027313038,0.015254748293886825,99,1.7229233264923096,0.15900416374206544,0.10842959073575012
Heart Disease,"{'criterion': 'entropy', 'max_depth': 15, 'max_features': 0.33, 'min_samples_leaf': 8, 'min_samples_split': 15, 'n_estimators': 891}",-0.12954637099058924,0.01887151045090606,29,1.9892416954040528,0.1621246814727783,0.10842959073575012
Heart Disease,"{'criterion': 'entropy', 'max_depth': None, 'max_features': 0.33, 'min_samples_leaf': 6, 'min_samples_split': 3, 'n_estimators': 738}",-0.12873214512122008,0.018858017945779196,8,1.7309647083282471,0.15079150199890137,0.10842959073575012
Heart Disease,"{'criterion': 'log_loss', 'max_depth': 15, 'max_features': 0.1, 'min_samples_leaf': 1, 'min_samples_split': 9, 'n_estimators': 492}",-0.1307303591240449,0.017458678420021523,62,1.100518274307251,0.10909266471862793,0.10842959073575012
Heart Disease,"{'criterion': 'log_loss', 'max_depth': 15, 'max_features': 0.5, 'min_samples_leaf': 7, 'min_samples_split': 11, 'n_estimators': 858}",-0.13070617151050953,0.019394938053557683,60,2.170752191543579,0.16064538955688476,0.10842959073575012
Heart Disease,"{'criterion': 'entropy', 'max_depth': 20, 'max_features': 0.1, 'min_samples_leaf': 9, 'min_samples_split': 14, 'n_estimators': 927}",-0.13788314331602577,0.015317655573166104,100,1.9246322154998778,0.18152647018432616,0.10842959073575012
Heart Disease,"{'criterion': 'entropy', 'max_depth': 20, 'max_features': 'sqrt', 'min_samples_leaf': 4, 'min_samples_split': 14, 'n_estimators': 119}",-0.12931485249277666,0.016888413610814893,21,0.3179788589477539,0.035107088088989255,0.10842959073575012
Heart Disease,"{'criterion': 'log_loss', 'max_depth': None, 'max_features': 0.5, 'min_samples_leaf': 3, 'min_samples_split': 16, 'n_estimators': 191}",-0.13123620112443618,0.019501958873647994,69,0.4933445453643799,0.05115518569946289,0.10842959073575012
Heart Disease,"{'criterion': 'entropy', 'max_depth': 15, 'max_features': 0.5, 'min_samples_leaf': 7, 'min_samples_split': 18, 'n_estimators': 791}",-0.13064206304798476,0.019638494372034406,54,2.0210339069366454,0.1363448143005371,0.10842959073575012
Heart Disease,"{'criterion': 'entropy', 'max_depth': 15, 'max_features': 0.33, 'min_samples_leaf': 6, 'min_samples_split': 12, 'n_estimators': 543}",-0.12887038219764424,0.01872029782102968,13,1.2563974380493164,0.10942511558532715,0.10842959073575012
Heart Disease,"{'criterion': 'log_loss', 'max_depth': 10, 'max_features': 0.5, 'min_samples_leaf': 5, 'min_samples_split': 13, 'n_estimators': 719}",-0.13060678204204904,0.019720932390018604,51,1.807612133026123,0.12974824905395507,0.10842959073575012
Heart Disease,"{'criterion': 'log_loss', 'max_depth': 20, 'max_features': 0.5, 'min_samples_leaf': 6, 'min_samples_split': 14, 'n_estimators': 983}",-0.13038634294915977,0.019735948612526647,47,2.4444645404815675,0.18234000205993653,0.10842959073575012
Heart Disease,"{'criterion': 'entropy', 'max_depth': 20, 'max_features': 0.33, 'min_samples_leaf': 7, 'min_samples_split': 9, 'n_estimators': 919}",-0.12905156922214753,0.019268653323599106,17,2.1356623649597166,0.18587226867675782,0.10842959073575012
Heart Disease,"{'criterion': 'entropy', 'max_depth': 10, 'max_features': 0.1, 'min_samples_leaf': 3, 'min_samples_split': 18, 'n_estimators': 219}",-0.13355675102602957,0.01587194062832563,89,0.4926313877105713,0.05494470596313476,0.10842959073575012
Heart Disease,"{'criterion': 'log_loss', 'max_depth': 20, 'max_features': 0.5, 'min_samples_leaf': 7, 'min_samples_split': 6, 'n_estimators': 573}",-0.130739250721154,0.019369703755885967,63,1.4434887409210204,0.1056661605834961,0.10842959073575012
Heart Disease,"{'criterion': 'log_loss', 'max_depth': 15, 'max_features': 0.33, 'min_samples_leaf': 9, 'min_samples_split': 13, 'n_estimators': 740}",-0.13000293242913577,0.01885705040766273,37,1.6821172714233399,0.13384685516357422,0.10842959073575012
Heart Disease,"{'criterion': 'entropy', 'max_depth': 15, 'max_features': 'sqrt', 'min_samples_leaf': 2, 'min_samples_split': 17, 'n_estimators': 700}",-0.12906088527456464,0.019410964108553728,18,1.6594470977783202,0.12359929084777832,0.10842959073575012
Heart Disease,"{'criterion': 'entropy', 'max_depth': 10, 'max_features': 'sqrt', 'min_samples_leaf': 1, 'min_samples_split': 17, 'n_estimators': 288}",-0.12951769446550707,0.01870048046429544,26,0.7106698513031006,0.07062487602233887,0.10842959073575012
Heart Disease,"{'criterion': 'log_loss', 'max_depth': None, 'max_features': 0.33, 'min_samples_leaf': 5, 'min_samples_split': 4, 'n_estimators': 175}",-0.1292228093693197,0.019009945831633544,20,0.4318474292755127,0.04021100997924805,0.10842959073575012
Heart Disease,"{'criterion': 'entropy', 'max_depth': None, 'max_features': 0.33, 'min_samples_leaf': 5, 'min_samples_split': 15, 'n_estimators': 319}",-0.12938136937692393,0.01876473744183703,23,0.7853246688842773,0.06336994171142578,0.10842959073575012
Heart Disease,"{'criterion': 'log_loss', 'max_depth': 20, 'max_features': 'sqrt', 'min_samples_leaf': 4, 'min_samples_split': 6, 'n_estimators': 303}",-0.12921809761488384,0.019370754037912268,19,0.7105960369110107,0.05790634155273437,0.10842959073575012
Heart Disease,"{'criterion': 'entropy', 'max_depth': 15, 'max_features': 0.1, 'min_samples_leaf': 5, 'min_samples_split': 8, 'n_estimators': 711}",-0.1329130524830437,0.01640506103557607,83,1.477963399887085,0.1330258846282959,0.10842959073575012
Heart Disease,"{'criterion': 'log_loss', 'max_depth': 15, 'max_features': 0.1, 'min_samples_leaf': 5, 'min_samples_split': 11, 'n_estimators': 857}",-0.1330820299515516,0.016514588931469745,85,1.7871646881103516,0.16245341300964355,0.10842959073575012
Heart Disease,"{'criterion': 'log_loss', 'max_depth': None, 'max_features': 0.1, 'min_samples_leaf': 4, 'min_samples_split': 11, 'n_estimators': 861}",-0.13227595855661228,0.016633357174418228,80,1.832808542251587,0.18573203086853027,0.10842959073575012
Heart Disease,"{'criterion': 'log_loss', 'max_depth': 15, 'max_features': 0.5, 'min_samples_leaf': 1, 'min_samples_split': 6, 'n_estimators': 615}",-0.13358728425767943,0.01855258167386042,90,1.6615832805633546,0.14034442901611327,0.10842959073575012
Heart Disease,"{'criterion': 'entropy', 'max_depth': None, 'max_features': 0.5, 'min_samples_leaf': 7, 'min_samples_split': 3, 'n_estimators': 596}",-0.13073011846681926,0.019320052979193706,61,1.4922196865081787,0.12065010070800782,0.10842959073575012
Heart Disease,"{'criterion': 'entropy', 'max_depth': None, 'max_features': 0.5, 'min_samples_leaf': 4, 'min_samples_split': 13, 'n_estimators': 789}",-0.13059835240175813,0.020095369814401645,50,2.077227020263672,0.1641763687133789,0.10842959073575012
Heart Disease,"{'criterion': 'log_loss', 'max_depth': None, 'max_features': 'sqrt', 'min_samples_leaf': 1, 'min_samples_split': 12, 'n_estimators': 712}",-0.1296867895192731,0.018920263826294907,31,1.837806272506714,0.1456451416015625,0.10842959073575012
Heart Disease,"{'criterion': 'entropy', 'max_depth': 20, 'max_features': 'sqrt', 'min_samples_leaf': 1, 'min_samples_split': 9, 'n_estimators': 941}",-0.12959712170888474,0.018531079144483282,30,2.327749013900757,0.1699284553527832,0.10842959073575012
Heart Disease,"{'criterion': 'log_loss', 'max_depth': None, 'max_features': 'sqrt', 'min_samples_leaf': 2, 'min_samples_split': 19, 'n_estimators': 134}",-0.13002156899449183,0.01840603193985684,38,0.34425697326660154,0.03714275360107422,0.10842959073575012
Heart Disease,"{'criterion': 'log_loss', 'max_depth': 10, 'max_features': 0.1, 'min_samples_leaf': 8, 'min_samples_split': 11, 'n_estimators': 701}",-0.1364144963620811,0.015423702650247843,96,1.3929532051086426,0.12649755477905272,0.10842959073575012
Heart Disease,"{'criterion': 'entropy', 'max_depth': 15, 'max_features': 0.33, 'min_samples_leaf': 9, 'min_samples_split': 8, 'n_estimators': 295}",-0.13025900387346148,0.018689588860562628,43,0.6829220294952393,0.06433520317077637,0.10842959073575012
Heart Disease,"{'criterion': 'entropy', 'max_depth': 10, 'max_features': 0.1, 'min_samples_leaf': 8, 'min_samples_split': 5, 'n_estimators': 828}",-0.1363593516430548,0.015516222236712248,95,1.7233954429626466,0.14464354515075684,0.10842959073575012
Titanic,"{'criterion': 'log_loss', 'max_depth': None, 'max_features': 'sqrt', 'min_samples_leaf': 8, 'min_samples_split': 8, 'n_estimators': 221}",-0.12135466636093387,0.010290619572353906,65,0.5650759696960449,0.05435380935668945,0.15054758364014129
Titanic,"{'criterion': 'log_loss', 'max_depth': 20, 'max_features': 0.33, 'min_samples_leaf': 8, 'min_samples_split': 5, 'n_estimators': 971}",-0.1244170119508324,0.010003936189624292,78,2.2052896499633787,0.1686858654022217,0.15054758364014129
Titanic,"{'criterion': 'entropy', 'max_depth': 20, 'max_features': 0.1, 'min_samples_leaf': 5, 'min_samples_split': 3, 'n_estimators': 443}",-0.1250326312514133,0.00821263937013778,83,0.9591218948364257,0.09984703063964843,0.15054758364014129
Titanic,"{'criterion': 'entropy', 'max_depth': 15, 'max_features': 0.1, 'min_samples_leaf': 2, 'min_samples_split': 2, 'n_estimators': 559}",-0.11524722640052196,0.009946738958879167,31,1.2635491847991944,0.11095147132873535,0.15054758364014129
Titanic,"{'criterion': 'entropy', 'max_depth': 15, 'max_features': 'sqrt', 'min_samples_leaf': 9, 'min_samples_split': 18, 'n_estimators': 574}",-0.12338287400549217,0.010540510040458351,75,1.3139448642730713,0.12326836585998535,0.15054758364014129
Titanic,"{'criterion': 'log_loss', 'max_depth': 20, 'max_features': 0.1, 'min_samples_leaf': 3, 'min_samples_split': 13, 'n_estimators': 666}",-0.12186487270271824,0.008858905334384201,68,1.4363516807556151,0.12214608192443847,0.15054758364014129
Titanic,"{'criterion': 'entropy', 'max_depth': None, 'max_features': 'sqrt', 'min_samples_leaf': 3, 'min_samples_split': 6, 'n_estimators': 918}",-0.11134434416638532,0.011048665392994353,10,2.256288242340088,0.1647261142730713,0.15054758364014129
Titanic,"{'criterion': 'log_loss', 'max_depth': 10, 'max_features': 'sqrt', 'min_samples_leaf': 7, 'min_samples_split': 19, 'n_estimators': 487}",-0.12167427584424298,0.01071192819012997,67,1.1004642009735108,0.09317269325256347,0.15054758364014129
Titanic,"{'criterion': 'log_loss', 'max_depth': None, 'max_features': 0.1, 'min_samples_leaf': 2, 'min_samples_split': 10, 'n_estimators': 445}",-0.11810861939164367,0.009365881103775602,48,0.9447485446929932,0.08093576431274414,0.15054758364014129
Titanic,"{'criterion': 'log_loss', 'max_depth': 15, 'max_features': 0.5, 'min_samples_leaf': 7, 'min_samples_split': 13, 'n_estimators': 608}",-0.11753037074061831,0.01148490626029538,46,1.4681161403656007,0.10973005294799805,0.15054758364014129
Titanic,"{'criterion': 'entropy', 'max_depth': 20, 'max_features': 0.33, 'min_samples_leaf': 1, 'min_samples_split': 5, 'n_estimators': 661}",-0.1109045769450601,0.011110623496275718,5,1.5914554119110107,0.13968658447265625,0.15054758364014129
Titanic,"{'criterion': 'entropy', 'max_depth': None, 'max_features': 0.1, 'min_samples_leaf': 6, 'min_samples_split': 11, 'n_estimators': 871}",-0.12736749590659374,0.008164778465658882,94,1.8291256427764893,0.1600627899169922,0.15054758364014129
Titanic,"{'criterion': 'entropy', 'max_depth': 10, 'max_features': 0.33, 'min_samples_leaf': 2, 'min_samples_split': 13, 'n_estimators': 261}",-0.11540889315207611,0.009965381217881214,34,0.606730604171753,0.05385255813598633,0.15054758364014129
Titanic,"{'criterion': 'entropy', 'max_depth': 15, 'max_features': 0.5, 'min_samples_leaf': 8, 'min_samples_split': 15, 'n_estimators': 826}",-0.11969967192949812,0.011475114694472476,56,2.0245951652526855,0.1536388874053955,0.15054758364014129
Titanic,"{'criterion': 'entropy', 'max_depth': 10, 'max_features': 0.1, 'min_samples_leaf': 8, 'min_samples_split': 17, 'n_estimators': 848}",-0.1317603306133121,0.008357520735911858,98,1.8268018245697022,0.14383010864257811,0.15054758364014129
Titanic,"{'criterion': 'entropy', 'max_depth': 20, 'max_features': 'sqrt', 'min_samples_leaf': 8, 'min_samples_split': 14, 'n_estimators': 140}",-0.12134970686557851,0.010272481153853607,64,0.3415330410003662,0.041481399536132814,0.15054758364014129
Titanic,"{'criterion': 'log_loss', 'max_depth': 20, 'max_features': 'sqrt', 'min_samples_leaf': 1, 'min_samples_split': 8, 'n_estimators': 620}",-0.11005529969308299,0.010059986002092824,3,1.5271121978759765,0.11401610374450684,0.15054758364014129
Titanic,"{'criterion': 'entropy', 'max_depth': 10, 'max_features': 0.5, 'min_samples_leaf': 8, 'min_samples_split': 12, 'n_estimators': 598}",-0.11977204946639985,0.011761423807379186,58,1.4301729679107666,0.10866799354553222,0.15054758364014129
Titanic,"{'criterion': 'log_loss', 'max_depth': None, 'max_features': 0.33, 'min_samples_leaf': 3, 'min_samples_split': 2, 'n_estimators': 478}",-0.11380478371354452,0.01047405269144392,24,1.1461742877960206,0.08374814987182617,0.15054758364014129
Titanic,"{'criterion': 'log_loss', 'max_depth': 15, 'max_features': 0.33, 'min_samples_leaf': 9, 'min_samples_split': 8, 'n_estimators': 300}",-0.12560584868966426,0.009528053306986244,87,0.6590605258941651,0.054993295669555665,0.15054758364014129
Titanic,"{'criterion': 'entropy', 'max_depth': None, 'max_features': 0.1, 'min_samples_leaf': 1, 'min_samples_split': 17, 'n_estimators': 602}",-0.12083044336651956,0.008836990157565488,62,1.3357017993927003,0.14569706916809083,0.15054758364014129
Titanic,"{'criterion': 'log_loss', 'max_depth': 15, 'max_features': 0.5, 'min_samples_leaf': 5, 'min_samples_split': 4, 'n_estimators': 783}",-0.11359119092919219,0.01082749313897517,22,1.8923161029815674,0.13093719482421876,0.15054758364014129
Titanic,"{'criterion': 'entropy', 'max_depth': 15, 'max_features': 0.33, 'min_samples_leaf': 3, 'min_samples_split': 2, 'n_estimators': 838}",-0.1135230055308015,0.010286098091562525,21,1.855755615234375,0.15371594429016114,0.15054758364014129
Titanic,"{'criterion': 'log_loss', 'max_depth': 20, 'max_features': 0.1, 'min_samples_leaf': 3, 'min_samples_split': 2, 'n_estimators': 104}",-0.11843880352042349,0.007862320518104078,49,0.25557403564453124,0.03852386474609375,0.15054758364014129
Titanic,"{'criterion': 'entropy', 'max_depth': 20, 'max_features': 0.33, 'min_samples_leaf': 7, 'min_samples_split': 10, 'n_estimators': 306}",-0.12210623644852478,0.010003523382324997,69,0.6617111206054688,0.07434954643249511,0.15054758364014129
Titanic,"{'criterion': 'log_loss', 'max_depth': 15, 'max_features': 0.1, 'min_samples_leaf': 3, 'min_samples_split': 8, 'n_estimators': 340}",-0.11851148895024191,0.009478439407528965,50,0.7298026084899902,0.07681670188903808,0.15054758364014129
Titanic,"{'criterion': 'entropy', 'max_depth': 10, 'max_features': 0.5, 'min_samples_leaf': 4, 'min_samples_split': 6, 'n_estimators': 506}",-0.11153082237542389,0.01074910470142967,12,1.281072235107422,0.10250687599182129,0.15054758364014129
Titanic,"{'criterion': 'log_loss', 'max_depth': 10, 'max_features': 0.33, 'min_samples_leaf': 4, 'min_samples_split': 14, 'n_estimators': 259}",-0.11751459624280355,0.009787368557533769,45,0.5883358001708985,0.06601977348327637,0.15054758364014129
Titanic,"{'criterion': 'log_loss', 'max_depth': 20, 'max_features': 0.33, 'min_samples_leaf': 6, 'min_samples_split': 3, 'n_estimators': 781}",-0.12071680931699824,0.009483894406107246,59,1.7044676303863526,0.14978256225585937,0.15054758364014129
Titanic,"{'criterion': 'log_loss', 'max_depth': 15, 'max_features': 'sqrt', 'min_samples_leaf': 5, 'min_samples_split': 7, 'n_estimators': 895}",-0.11523491104938458,0.010328686948354104,30,2.1062600135803224,0.16051034927368163,0.15054758364014129
Titanic,"{'criterion': 'entropy', 'max_depth': None, 'max_features': 0.5, 'min_samples_leaf': 4, 'min_samples_split': 12, 'n_estimators': 739}",-0.11306793746958158,0.010337719003922104,18,1.7712696552276612,0.13660402297973634,0.15054758364014129
Titanic,"{'criterion': 'entropy', 'max_depth': 20, 'max_features': 0.5, 'min_samples_leaf': 9, 'min_samples_split': 8, 'n_estimators': 289}",-0.12154396864553736,0.012109354354092888,66,0.6833772659301758,0.06535296440124512,0.15054758364014129
Titanic,"{'criterion': 'log_loss', 'max_depth': 10, 'max_features': 'sqrt', 'min_samples_leaf': 9, 'min_samples_split': 14, 'n_estimators': 844}",-0.12349190202389407,0.010623188780248717,77,1.920867395401001,0.1462179183959961,0.15054758364014129
Titanic,"{'criterion': 'log_loss', 'max_depth': 20, 'max_features': 0.1, 'min_samples_leaf': 8, 'min_samples_split': 10, 'n_estimators': 417}",-0.13087671614660762,0.008080572374163026,95,0.8658847332000732,0.09316115379333496,0.15054758364014129
Titanic,"{'criterion': 'log_loss', 'max_depth': 10, 'max_features': 0.33, 'min_samples_leaf': 8, 'min_samples_split': 16, 'n_estimators': 926}",-0.12444097942053811,0.009989927030234986,79,1.9942816257476808,0.16830081939697267,0.15054758364014129
Titanic,"{'criterion': 'entropy', 'max_depth': None, 'max_features': 0.5, 'min_samples_leaf': 8, 'min_samples_split': 10, 'n_estimators': 791}",-0.11969480641889123,0.011480177295825837,55,1.8844479084014893,0.1434009552001953,0.15054758364014129
Titanic,"{'criterion': 'log_loss', 'max_depth': 15, 'max_features': 'sqrt', 'min_samples_leaf': 4, 'min_samples_split': 13, 'n_estimators': 609}",-0.11500305710997998,0.010182984373857508,28,1.4235321044921876,0.13384408950805665,0.15054758364014129
Titanic,"{'criterion': 'log_loss', 'max_depth': 15, 'max_features': 0.33, 'min_samples_leaf': 1, 'min_samples_split': 6, 'n_estimators': 724}",-0.11116834310981312,0.010962320970425073,6,1.7164897441864013,0.185496187210083,0.15054758364014129
Titanic,"{'criterion': 'entropy', 'max_depth': 10, 'max_features': 0.33, 'min_samples_leaf': 1, 'min_samples_split': 3, 'n_estimators': 741}",-0.11125110560179621,0.010972830492687501,8,1.7615973472595214,0.15353717803955078,0.15054758364014129
Titanic,"{'criterion': 'entropy', 'max_depth': 15, 'max_features': 0.33, 'min_samples_leaf': 5, 'min_samples_split': 2, 'n_estimators': 484}",-0.11854272751822295,0.009635489086338895,51,1.099587345123291,0.09242687225341797,0.15054758364014129
Titanic,"{'criterion': 'log_loss', 'max_depth': 15, 'max_features': 0.1, 'min_samples_leaf': 5, 'min_samples_split': 13, 'n_estimators': 829}",-0.12565522448646785,0.008362341491617823,89,1.7968563556671142,0.14298019409179688,0.15054758364014129
Titanic,"{'criterion': 'entropy', 'max_depth': 15, 'max_features': 0.5, 'min_samples_leaf': 7, 'min_samples_split': 5, 'n_estimators': 538}",-0.11749904464939225,0.011634839179885151,43,1.3246514320373535,0.09975962638854981,0.15054758364014129
Titanic,"{'criterion': 'log_loss', 'max_depth': None, 'max_features': 0.33, 'min_samples_leaf': 1, 'min_samples_split': 7, 'n_estimators': 379}",-0.1118911516386925,0.011058318235655895,14,0.9039570331573487,0.07053337097167969,0.15054758364014129
Titanic,"{'criterion': 'log_loss', 'max_depth': None, 'max_features': 0.1, 'min_samples_leaf': 6, 'min_samples_split': 12, 'n_estimators': 610}",-0.1271770721111994,0.008002653795221722,93,1.2981318473815917,0.11888947486877441,0.15054758364014129
Titanic,"{'criterion': 'entropy', 'max_depth': None, 'max_features': 'sqrt', 'min_samples_leaf': 9, 'min_samples_split': 7, 'n_estimators': 563}",-0.12338149287193163,0.010538416438571382,74,1.2893587112426759,0.11951208114624023,0.15054758364014129
Titanic,"{'criterion': 'log_loss', 'max_depth': 20, 'max_features': 0.5, 'min_samples_leaf': 4, 'min_samples_split': 4, 'n_estimators': 610}",-0.11171086907005397,0.010598708534975241,13,1.527194881439209,0.11224184036254883,0.15054758364014129
Titanic,"{'criterion': 'log_loss', 'max_depth': None, 'max_features': 0.5, 'min_samples_leaf': 7, 'min_samples_split': 10, 'n_estimators': 739}",-0.11745996627642444,0.0115102660199355,42,1.8103023529052735,0.13295316696166992,0.15054758364014129
Titanic,"{'criterion': 'log_loss', 'max_depth': 15, 'max_features': 0.5, 'min_samples_leaf': 1, 'min_samples_split': 12, 'n_estimators': 572}",-0.11146362582866573,0.01034473834050957,11,1.515690231323242,0.1402529239654541,0.15054758364014129
Titanic,"{'criterion': 'entropy', 'max_depth': 20, 'max_features': 0.33, 'min_samples_leaf': 3, 'min_samples_split': 8, 'n_estimators': 863}",-0.11397383622873643,0.009926833914332103,25,1.9351717948913574,0.17696094512939453,0.15054758364014129
Titanic,"{'criterion': 'entropy', 'max_depth': 15, 'max_features': 0.5, 'min_samples_leaf': 9, 'min_samples_split': 18, 'n_estimators': 101}",-0.12134673145722678,0.01225520689234507,63,0.25927348136901857,0.03579716682434082,0.15054758364014129
Titanic,"{'criterion': 'log_loss', 'max_depth': None, 'max_features': 0.1, 'min_samples_leaf': 5, 'min_samples_split': 6, 'n_estimators': 259}",-0.12518798222632616,0.00811182266943708,85,0.5513092994689941,0.048989295959472656,0.15054758364014129
Titanic,"{'criterion': 'log_loss', 'max_depth': 20, 'max_features': 'sqrt', 'min_samples_leaf': 9, 'min_samples_split': 4, 'n_estimators': 758}",-0.12339114977476835,0.010666010590896165,76,1.6891925811767579,0.1523078441619873,0.15054758364014129
Titanic,"{'criterion': 'entropy', 'max_depth': None, 'max_features': 0.33, 'min_samples_leaf': 4, 'min_samples_split': 2, 'n_estimators': 727}",-0.11576841926017009,0.009940668971138976,37,1.6484742164611816,0.1287550449371338,0.15054758364014129
Titanic,"{'criterion': 'log_loss', 'max_depth': 10, 'max_features': 0.5, 'min_samples_leaf': 4, 'min_samples_split': 7, 'n_estimators': 203}",-0.11132422782616196,0.01078854771725519,9,0.5220482826232911,0.04703669548034668,0.15054758364014129
Titanic,"{'criterion': 'entropy', 'max_depth': 15, 'max_features': 0.33, 'min_samples_leaf': 9, 'min_samples_split': 4, 'n_estimators': 252}",-0.1259296342644509,0.009516483344840449,90,0.5162064552307128,0.05543484687805176,0.15054758364014129
Titanic,"{'criterion': 'log_loss', 'max_depth': 15, 'max_features': 0.5, 'min_samples_leaf': 2, 'min_samples_split': 3, 'n_estimators': 921}",-0.10931040586245144,0.011223381692732149,2,2.2696777820587157,0.15091381072998047,0.15054758364014129
Titanic,"{'criterion': 'log_loss', 'max_depth': None, 'max_features': 'sqrt', 'min_samples_leaf': 9, 'min_samples_split': 5, 'n_estimators': 260}",-0.12310472961456023,0.009967012294213729,73,0.5936222076416016,0.059176301956176756,0.15054758364014129
Titanic,"{'criterion': 'entropy', 'max_depth': 10, 'max_features': 0.1, 'min_samples_leaf': 5, 'min_samples_split': 17, 'n_estimators': 603}",-0.12709251342897931,0.008513806006186703,92,1.2775396347045898,0.12038230895996094,0.15054758364014129
Titanic,"{'criterion': 'entropy', 'max_depth': None, 'max_features': 0.33, 'min_samples_leaf': 3, 'min_samples_split': 18, 'n_estimators': 739}",-0.11871270145146959,0.009391105672644898,53,1.646107053756714,0.13934683799743652,0.15054758364014129
Titanic,"{'criterion': 'log_loss', 'max_depth': None, 'max_features': 0.5, 'min_samples_leaf': 3, 'min_samples_split': 15, 'n_estimators': 769}",-0.11462236415220473,0.010906617519274856,26,1.9292386054992676,0.1595151424407959,0.15054758364014129
Titanic,"{'criterion': 'entropy', 'max_depth': 15, 'max_features': 'sqrt', 'min_samples_leaf': 3, 'min_samples_split': 9, 'n_estimators': 382}",-0.11218339186148749,0.010562072170178297,17,0.9189630508422851,0.0865720272064209,0.15054758364014129
Titanic,"{'criterion': 'log_loss', 'max_depth': 15, 'max_features': 'sqrt', 'min_samples_leaf': 1, 'min_samples_split': 16, 'n_estimators': 580}",-0.11512676968955418,0.010366319550361727,29,1.403808069229126,0.11191954612731933,0.15054758364014129
Titanic,"{'criterion': 'log_loss', 'max_depth': None, 'max_features': 'sqrt', 'min_samples_leaf': 3, 'min_samples_split': 5, 'n_estimators': 646}",-0.11123652436825349,0.010898972301734916,7,1.5152407169342041,0.13692874908447267,0.15054758364014129
Titanic,"{'criterion': 'entropy', 'max_depth': 10, 'max_features': 0.5, 'min_samples_leaf': 1, 'min_samples_split': 13, 'n_estimators': 319}",-0.11209499442570428,0.010643992735488939,16,0.8222044467926025,0.06830167770385742,0.15054758364014129
Titanic,"{'criterion': 'entropy', 'max_depth': 10, 'max_features': 0.1, 'min_samples_leaf': 5, 'min_samples_split': 7, 'n_estimators': 198}",-0.12495826723025286,0.008542435417411664,82,0.4175663948059082,0.04460849761962891,0.15054758364014129
Titanic,"{'criterion': 'entropy', 'max_depth': 10, 'max_features': 'sqrt', 'min_samples_leaf': 8, 'min_samples_split': 18, 'n_estimators': 401}",-0.12233015171728992,0.0103603533547976,70,0.9435471057891845,0.08948993682861328,0.15054758364014129
Titanic,"{'criterion': 'log_loss', 'max_depth': 20, 'max_features': 0.33, 'min_samples_leaf': 1, 'min_samples_split': 2, 'n_estimators': 355}",-0.1134538224687954,0.010801459098249378,19,0.8401134014129639,0.07244267463684081,0.15054758364014129
Titanic,"{'criterion': 'log_loss', 'max_depth': None, 'max_features': 0.1, 'min_samples_leaf': 9, 'min_samples_split': 11, 'n_estimators': 834}",-0.13328342975630508,0.008517286194327976,99,1.7303130626678467,0.16398487091064454,0.15054758364014129
Titanic,"{'criterion': 'entropy', 'max_depth': 15, 'max_features': 0.33, 'min_samples_leaf': 8, 'min_samples_split': 15, 'n_estimators': 891}",-0.12448983267868863,0.0099930657149647,80,1.9810739517211915,0.17343764305114745,0.15054758364014129
Titanic,"{'criterion': 'entropy', 'max_depth': None, 'max_features': 0.33, 'min_samples_leaf': 6, 'min_samples_split': 3, 'n_estimators': 738}",-0.12079985170191399,0.009504590585220208,61,1.6529743671417236,0.15039401054382323,0.15054758364014129
Titanic,"{'criterion': 'log_loss', 'max_depth': 15, 'max_features': 0.1, 'min_samples_leaf': 1, 'min_samples_split': 9, 'n_estimators': 492}",-0.11538795263601351,0.009618580260147032,33,1.1352967262268066,0.09453125,0.15054758364014129
Titanic,"{'criterion': 'log_loss', 'max_depth': 15, 'max_features': 0.5, 'min_samples_leaf': 7, 'min_samples_split': 11, 'n_estimators': 858}",-0.1174561620071057,0.011379303519148074,41,2.0655642986297607,0.14228401184082032,0.15054758364014129
Titanic,"{'criterion': 'entropy', 'max_depth': 20, 'max_features': 0.1, 'min_samples_leaf': 9, 'min_samples_split': 14, 'n_estimators': 927}",-0.133420290354401,0.00859317788769217,100,1.9243060111999513,0.15446834564208983,0.15054758364014129
Titanic,"{'criterion': 'entropy', 'max_depth': 20, 'max_features': 'sqrt', 'min_samples_leaf': 4, 'min_samples_split': 14, 'n_estimators': 119}",-0.11560202126915246,0.009780743430622055,36,0.28462915420532225,0.036371374130249025,0.15054758364014129
Titanic,"{'criterion': 'log_loss', 'max_depth': None, 'max_features': 0.5, 'min_samples_leaf': 3, 'min_samples_split': 16, 'n_estimators': 191}",-0.11555327785811631,0.011500632199569054,35,0.4917003154754639,0.05317854881286621,0.15054758364014129
Titanic,"{'criterion': 'entropy', 'max_depth': 15, 'max_features': 0.5, 'min_samples_leaf': 7, 'min_samples_split': 18, 'n_estimators': 791}",-0.11953555913496108,0.011525241495395458,54,2.054852533340454,0.1717914581298828,0.15054758364014129
Titanic,"{'criterion': 'entropy', 'max_depth': 15, 'max_features': 0.33, 'min_samples_leaf': 6, 'min_samples_split': 12, 'n_estimators': 543}",-0.12071818205201872,0.009559228130755895,60,1.1739083290100099,0.09552302360534667,0.15054758364014129
Titanic,"{'criterion': 'log_loss', 'max_depth': 10, 'max_features': 0.5, 'min_samples_leaf': 5, 'min_samples_split': 13, 'n_estimators': 719}",-0.11485536762905717,0.010879882567209424,27,1.6700311183929444,0.15064096450805664,0.15054758364014129
Titanic,"{'criterion': 'log_loss', 'max_depth': 20, 'max_features': 0.5, 'min_samples_leaf': 6, 'min_samples_split': 14, 'n_estimators': 983}",-0.11646821541106116,0.011109072299573353,39,2.42281494140625,0.16884570121765136,0.15054758364014129
Titanic,"{'criterion': 'entropy', 'max_depth': 20, 'max_features': 0.33, 'min_samples_leaf': 7, 'min_samples_split': 9, 'n_estimators': 919}",-0.1225626917597494,0.009796301207202544,71,2.039188766479492,0.16753544807434081,0.15054758364014129
Titanic,"{'criterion': 'entropy', 'max_depth': 10, 'max_features': 0.1, 'min_samples_leaf': 3, 'min_samples_split': 18, 'n_estimators': 219}",-0.12471325219794367,0.008169980721678835,81,0.4912364959716797,0.04936199188232422,0.15054758364014129
Titanic,"{'criterion': 'log_loss', 'max_depth': 20, 'max_features': 0.5, 'min_samples_leaf': 7, 'min_samples_split': 6, 'n_estimators': 573}",-0.11754410656785916,0.011586211344027798,47,1.3607194900512696,0.10934262275695801,0.15054758364014129
Titanic,"{'criterion': 'log_loss', 'max_depth': 15, 'max_features': 0.33, 'min_samples_leaf': 9, 'min_samples_split': 13, 'n_estimators': 740}",-0.12599970754364923,0.009552543475693148,91,1.5509753227233887,0.11690349578857422,0.15054758364014129
Titanic,"{'criterion': 'entropy', 'max_depth': 15, 'max_features': 'sqrt', 'min_samples_leaf': 2, 'min_samples_split': 17, 'n_estimators': 700}",-0.1161087169895321,0.010290779913914666,38,1.6566023349761962,0.1323925495147705,0.15054758364014129
Titanic,"{'criterion': 'entropy', 'max_depth': 10, 'max_features': 'sqrt', 'min_samples_leaf': 1, 'min_samples_split': 17, 'n_estimators': 288}",-0.11525139267178183,0.010223989141736743,32,0.7041055202484131,0.0542503833770752,0.15054758364014129
Titanic,"{'criterion': 'log_loss', 'max_depth': None, 'max_features': 0.33, 'min_samples_leaf': 5, 'min_samples_split': 4, 'n_estimators': 175}",-0.11857242145673644,0.010551721884941514,52,0.4115737438201904,0.046170949935913086,0.15054758364014129
Titanic,"{'criterion': 'entropy', 'max_depth': None, 'max_features': 0.33, 'min_samples_leaf': 5, 'min_samples_split': 15, 'n_estimators': 319}",-0.11976331365990975,0.009834772672806743,57,0.7287538051605225,0.08065886497497558,0.15054758364014129
Titanic,"{'criterion': 'log_loss', 'max_depth': 20, 'max_features': 'sqrt', 'min_samples_leaf': 4, 'min_samples_split': 6, 'n_estimators': 303}",-0.11346314930560468,0.010492521449877895,20,0.7242761135101319,0.0683128833770752,0.15054758364014129
Titanic,"{'criterion': 'entropy', 'max_depth': 15, 'max_features': 0.1, 'min_samples_leaf': 5, 'min_samples_split': 8, 'n_estimators': 711}",-0.12518602449834787,0.008470701586170032,84,1.4681312084197997,0.1279524803161621,0.15054758364014129
Titanic,"{'criterion': 'log_loss', 'max_depth': 15, 'max_features': 0.1, 'min_samples_leaf': 5, 'min_samples_split': 11, 'n_estimators': 857}",-0.12526729703003303,0.008112862497315935,86,1.8044405937194825,0.15404953956604003,0.15054758364014129
Titanic,"{'criterion': 'log_loss', 'max_depth': None, 'max_features': 0.1, 'min_samples_leaf': 4, 'min_samples_split': 11, 'n_estimators': 861}",-0.12291148163465382,0.00857626536285305,72,1.8475240230560304,0.1691370964050293,0.15054758364014129
Titanic,"{'criterion': 'log_loss', 'max_depth': 15, 'max_features': 0.5, 'min_samples_leaf': 1, 'min_samples_split': 6, 'n_estimators': 615}",-0.10910254924252161,0.010745687478462995,1,1.6537977695465087,0.1361295223236084,0.15054758364014129
Titanic,"{'criterion': 'entropy', 'max_depth': None, 'max_features': 0.5, 'min_samples_leaf': 7, 'min_samples_split': 3, 'n_estimators': 596}",-0.11750917098084404,0.01154360423821052,44,1.494004249572754,0.11262054443359375,0.15054758364014129
Titanic,"{'criterion': 'entropy', 'max_depth': None, 'max_features': 0.5, 'min_samples_leaf': 4, 'min_samples_split': 13, 'n_estimators': 789}",-0.11366370222613509,0.010994414909979974,23,1.8974198341369628,0.1429591655731201,0.15054758364014129
Titanic,"{'criterion': 'log_loss', 'max_depth': None, 'max_features': 'sqrt', 'min_samples_leaf': 1, 'min_samples_split': 12, 'n_estimators': 712}",-0.1119700207221321,0.009885436575011388,15,1.6964468479156494,0.13615717887878417,0.15054758364014129
Titanic,"{'criterion': 'entropy', 'max_depth': 20, 'max_features': 'sqrt', 'min_samples_leaf': 1, 'min_samples_split': 9, 'n_estimators': 941}",-0.11077850200408643,0.010224659769437608,4,2.3465701580047607,0.20936107635498047,0.15054758364014129
Titanic,"{'criterion': 'log_loss', 'max_depth': None, 'max_features': 'sqrt', 'min_samples_leaf': 2, 'min_samples_split': 19, 'n_estimators': 134}",-0.11656729070029392,0.010100576824440743,40,0.3253744125366211,0.036672782897949216,0.15054758364014129
Titanic,"{'criterion': 'log_loss', 'max_depth': 10, 'max_features': 0.1, 'min_samples_leaf': 8, 'min_samples_split': 11, 'n_estimators': 701}",-0.13139818958667768,0.008500176649953617,96,1.4867306709289552,0.12021689414978028,0.15054758364014129
Titanic,"{'criterion': 'entropy', 'max_depth': 15, 'max_features': 0.33, 'min_samples_leaf': 9, 'min_samples_split': 8, 'n_estimators': 295}",-0.1256067955606889,0.009503988520142205,88,0.6528175354003907,0.061353874206542966,0.15054758364014129
Titanic,"{'criterion': 'entropy', 'max_depth': 10, 'max_features': 0.1, 'min_samples_leaf': 8, 'min_samples_split': 5, 'n_estimators': 828}",-0.13140302026752143,0.00836661248279355,97,1.6945995807647705,0.13208870887756347,0.15054758364014129
