trial_number,state,value,brier_score,duration,params,n_estimators,criterion,max_depth,min_samples_split,min_samples_leaf,max_features,max_samples,dataset,test_brier_score
0,1,-0.12955270585020032,0.12955270585020032,5.790323,"{'n_estimators': 624, 'criterion': 'log_loss', 'max_depth': None, 'min_samples_split': 12, 'min_samples_leaf': 7, 'max_features': 0.1, 'max_samples': None}",624,log_loss,,12,7,0.1,,Titanic,0.15102130154156654
1,1,-0.12354399296619434,0.12354399296619434,7.630568,"{'n_estimators': 834, 'criterion': 'gini', 'max_depth': None, 'min_samples_split': 16, 'min_samples_leaf': 2, 'max_features': 0.1, 'max_samples': None}",834,gini,,16,2,0.1,,Titanic,0.15102130154156654
2,1,-0.13328108925649845,0.13328108925649845,13.002955,"{'n_estimators': 1451, 'criterion': 'log_loss', 'max_depth': 10, 'min_samples_split': 2, 'min_samples_leaf': 9, 'max_features': 0.1, 'max_samples': None}",1451,log_loss,10.0,2,9,0.1,,Titanic,0.15102130154156654
3,1,-0.12312097307337319,0.12312097307337319,10.582966,"{'n_estimators': 1185, 'criterion': 'log_loss', 'max_depth': 10, 'min_samples_split': 7, 'min_samples_leaf': 4, 'max_features': 0.1, 'max_samples': None}",1185,log_loss,10.0,7,4,0.1,,Titanic,0.15102130154156654
4,1,-0.12144558663735391,0.12144558663735391,1.937759,"{'n_estimators': 204, 'criterion': 'log_loss', 'max_depth': 15, 'min_samples_split': 15, 'min_samples_leaf': 1, 'max_features': 0.33, 'max_samples': 0.5}",204,log_loss,15.0,15,1,0.33,0.5,Titanic,0.15102130154156654
5,1,-0.13037430997869823,0.13037430997869823,5.09912,"{'n_estimators': 555, 'criterion': 'gini', 'max_depth': None, 'min_samples_split': 12, 'min_samples_leaf': 7, 'max_features': 0.1, 'max_samples': None}",555,gini,,12,7,0.1,,Titanic,0.15102130154156654
6,1,-0.11563971595933183,0.11563971595933183,4.899559,"{'n_estimators': 540, 'criterion': 'entropy', 'max_depth': 15, 'min_samples_split': 7, 'min_samples_leaf': 2, 'max_features': 'sqrt', 'max_samples': None}",540,entropy,15.0,7,2,sqrt,,Titanic,0.15102130154156654
7,1,-0.11845613487020254,0.11845613487020254,7.656608,"{'n_estimators': 855, 'criterion': 'entropy', 'max_depth': None, 'min_samples_split': 17, 'min_samples_leaf': 1, 'max_features': 'sqrt', 'max_samples': 0.9}",855,entropy,,17,1,sqrt,0.9,Titanic,0.15102130154156654
8,1,-0.11629531806657942,0.11629531806657942,7.40891,"{'n_estimators': 826, 'criterion': 'gini', 'max_depth': 10, 'min_samples_split': 7, 'min_samples_leaf': 1, 'max_features': 'sqrt', 'max_samples': 0.7}",826,gini,10.0,7,1,sqrt,0.7,Titanic,0.15102130154156654
9,1,-0.12100407026385891,0.12100407026385891,7.040042,"{'n_estimators': 785, 'criterion': 'log_loss', 'max_depth': 10, 'min_samples_split': 13, 'min_samples_leaf': 6, 'max_features': 0.33, 'max_samples': None}",785,log_loss,10.0,13,6,0.33,,Titanic,0.15102130154156654
10,1,-0.11943135881556297,0.11943135881556297,1.412036,"{'n_estimators': 148, 'criterion': 'entropy', 'max_depth': 15, 'min_samples_split': 7, 'min_samples_leaf': 4, 'max_features': 'sqrt', 'max_samples': 0.5}",148,entropy,15.0,7,4,sqrt,0.5,Titanic,0.15102130154156654
11,1,-0.11637443285761546,0.11637443285761546,3.687478,"{'n_estimators': 406, 'criterion': 'entropy', 'max_depth': 20, 'min_samples_split': 7, 'min_samples_leaf': 3, 'max_features': 'sqrt', 'max_samples': 0.7}",406,entropy,20.0,7,3,sqrt,0.7,Titanic,0.15102130154156654
12,1,-0.116462756983991,0.116462756983991,9.446295,"{'n_estimators': 1056, 'criterion': 'gini', 'max_depth': 15, 'min_samples_split': 3, 'min_samples_leaf': 2, 'max_features': 'sqrt', 'max_samples': 0.7}",1056,gini,15.0,3,2,sqrt,0.7,Titanic,0.15102130154156654
13,1,-0.11691062544243495,0.11691062544243495,3.956721,"{'n_estimators': 437, 'criterion': 'entropy', 'max_depth': 20, 'min_samples_split': 9, 'min_samples_leaf': 3, 'max_features': 'sqrt', 'max_samples': 0.7}",437,entropy,20.0,9,3,sqrt,0.7,Titanic,0.15102130154156654
14,1,-0.1154216684481445,0.1154216684481445,9.551708,"{'n_estimators': 1070, 'criterion': 'gini', 'max_depth': 10, 'min_samples_split': 5, 'min_samples_leaf': 1, 'max_features': 'sqrt', 'max_samples': 0.9}",1070,gini,10.0,5,1,sqrt,0.9,Titanic,0.15102130154156654
15,1,-0.11561301232598371,0.11561301232598371,10.140977,"{'n_estimators': 1133, 'criterion': 'entropy', 'max_depth': 15, 'min_samples_split': 4, 'min_samples_leaf': 3, 'max_features': 'sqrt', 'max_samples': 0.9}",1133,entropy,15.0,4,3,sqrt,0.9,Titanic,0.15102130154156654
16,1,-0.11866403531511098,0.11866403531511098,11.048786,"{'n_estimators': 1237, 'criterion': 'gini', 'max_depth': 10, 'min_samples_split': 4, 'min_samples_leaf': 5, 'max_features': 'sqrt', 'max_samples': 0.9}",1237,gini,10.0,4,5,sqrt,0.9,Titanic,0.15102130154156654
17,1,-0.1164554330214117,0.1164554330214117,12.469506,"{'n_estimators': 1405, 'criterion': 'entropy', 'max_depth': 15, 'min_samples_split': 4, 'min_samples_leaf': 3, 'max_features': 0.33, 'max_samples': 0.9}",1405,entropy,15.0,4,3,0.33,0.9,Titanic,0.15102130154156654
18,2,-0.1188368930950508,0.1188368930950508,1.798891,"{'n_estimators': 1002, 'criterion': 'gini', 'max_depth': 20, 'min_samples_split': 19, 'min_samples_leaf': 4, 'max_features': 'sqrt', 'max_samples': 0.9}",1002,gini,20.0,19,4,sqrt,0.9,Titanic,0.15102130154156654
19,1,-0.11466889247050896,0.11466889247050896,10.884628,"{'n_estimators': 1224, 'criterion': 'entropy', 'max_depth': 10, 'min_samples_split': 5, 'min_samples_leaf': 2, 'max_features': 'sqrt', 'max_samples': 0.9}",1224,entropy,10.0,5,2,sqrt,0.9,Titanic,0.15102130154156654
20,1,-0.11592638217242798,0.11592638217242798,11.767543,"{'n_estimators': 1322, 'criterion': 'gini', 'max_depth': 10, 'min_samples_split': 5, 'min_samples_leaf': 1, 'max_features': 0.33, 'max_samples': 0.9}",1322,gini,10.0,5,1,0.33,0.9,Titanic,0.15102130154156654
21,1,-0.1152359225662557,0.1152359225662557,9.696101,"{'n_estimators': 1087, 'criterion': 'entropy', 'max_depth': 10, 'min_samples_split': 9, 'min_samples_leaf': 2, 'max_features': 'sqrt', 'max_samples': 0.9}",1087,entropy,10.0,9,2,sqrt,0.9,Titanic,0.15102130154156654
22,1,-0.11524032333089698,0.11524032333089698,9.310606,"{'n_estimators': 1046, 'criterion': 'entropy', 'max_depth': 10, 'min_samples_split': 9, 'min_samples_leaf': 2, 'max_features': 'sqrt', 'max_samples': 0.9}",1046,entropy,10.0,9,2,sqrt,0.9,Titanic,0.15102130154156654
23,1,-0.11583366186532149,0.11583366186532149,8.318888,"{'n_estimators': 930, 'criterion': 'entropy', 'max_depth': 10, 'min_samples_split': 10, 'min_samples_leaf': 2, 'max_features': 'sqrt', 'max_samples': 0.9}",930,entropy,10.0,10,2,sqrt,0.9,Titanic,0.15102130154156654
24,2,-0.11417404263151171,0.11417404263151171,8.753918,"{'n_estimators': 1226, 'criterion': 'entropy', 'max_depth': 10, 'min_samples_split': 9, 'min_samples_leaf': 5, 'max_features': 'sqrt', 'max_samples': 0.9}",1226,entropy,10.0,9,5,sqrt,0.9,Titanic,0.15102130154156654
25,1,-0.11581891884721722,0.11581891884721722,12.122736,"{'n_estimators': 1364, 'criterion': 'entropy', 'max_depth': 10, 'min_samples_split': 10, 'min_samples_leaf': 2, 'max_features': 'sqrt', 'max_samples': 0.9}",1364,entropy,10.0,10,2,sqrt,0.9,Titanic,0.15102130154156654
26,2,-0.11902226355124132,0.11902226355124132,1.701092,"{'n_estimators': 950, 'criterion': 'entropy', 'max_depth': 10, 'min_samples_split': 13, 'min_samples_leaf': 4, 'max_features': 'sqrt', 'max_samples': 0.5}",950,entropy,10.0,13,4,sqrt,0.5,Titanic,0.15102130154156654
27,1,-0.11572461298198464,0.11572461298198464,13.23257,"{'n_estimators': 1492, 'criterion': 'entropy', 'max_depth': 10, 'min_samples_split': 9, 'min_samples_leaf': 3, 'max_features': 'sqrt', 'max_samples': 0.9}",1492,entropy,10.0,9,3,sqrt,0.9,Titanic,0.15102130154156654
28,2,-0.12176478534674813,0.12176478534674813,2.303179,"{'n_estimators': 1291, 'criterion': 'entropy', 'max_depth': 10, 'min_samples_split': 11, 'min_samples_leaf': 9, 'max_features': 0.33, 'max_samples': 0.9}",1291,entropy,10.0,11,9,0.33,0.9,Titanic,0.15102130154156654
29,2,-0.1171056173282736,0.1171056173282736,2.061414,"{'n_estimators': 1155, 'criterion': 'entropy', 'max_depth': 10, 'min_samples_split': 6, 'min_samples_leaf': 7, 'max_features': 'sqrt', 'max_samples': 0.9}",1155,entropy,10.0,6,7,sqrt,0.9,Titanic,0.15102130154156654
30,2,-0.12412912771951452,0.12412912771951452,1.224264,"{'n_estimators': 672, 'criterion': 'entropy', 'max_depth': 20, 'min_samples_split': 8, 'min_samples_leaf': 6, 'max_features': 0.1, 'max_samples': 0.9}",672,entropy,20.0,8,6,0.1,0.9,Titanic,0.15102130154156654
31,1,-0.11535468202119085,0.11535468202119085,9.869887,"{'n_estimators': 1104, 'criterion': 'gini', 'max_depth': 10, 'min_samples_split': 5, 'min_samples_leaf': 1, 'max_features': 'sqrt', 'max_samples': 0.9}",1104,gini,10.0,5,1,sqrt,0.9,Titanic,0.15102130154156654
32,1,-0.11517580838960731,0.11517580838960731,9.411255,"{'n_estimators': 1056, 'criterion': 'entropy', 'max_depth': 10, 'min_samples_split': 2, 'min_samples_leaf': 2, 'max_features': 'sqrt', 'max_samples': 0.9}",1056,entropy,10.0,2,2,sqrt,0.9,Titanic,0.15102130154156654
33,2,-0.11362634638005231,0.11362634638005231,1.792156,"{'n_estimators': 991, 'criterion': 'entropy', 'max_depth': None, 'min_samples_split': 2, 'min_samples_leaf': 2, 'max_features': 'sqrt', 'max_samples': 0.9}",991,entropy,,2,2,sqrt,0.9,Titanic,0.15102130154156654
34,2,-0.11588068089298026,0.11588068089298026,1.331336,"{'n_estimators': 729, 'criterion': 'entropy', 'max_depth': 10, 'min_samples_split': 3, 'min_samples_leaf': 2, 'max_features': 0.1, 'max_samples': 0.9}",729,entropy,10.0,3,2,0.1,0.9,Titanic,0.15102130154156654
35,2,-0.11865257229197841,0.11865257229197841,1.629379,"{'n_estimators': 908, 'criterion': 'log_loss', 'max_depth': 10, 'min_samples_split': 2, 'min_samples_leaf': 8, 'max_features': 'sqrt', 'max_samples': 0.9}",908,log_loss,10.0,2,8,sqrt,0.9,Titanic,0.15102130154156654
36,2,-0.12426218054835411,0.12426218054835411,2.220309,"{'n_estimators': 1234, 'criterion': 'entropy', 'max_depth': 10, 'min_samples_split': 11, 'min_samples_leaf': 3, 'max_features': 0.1, 'max_samples': 0.5}",1234,entropy,10.0,11,3,0.1,0.5,Titanic,0.15102130154156654
37,2,-0.11412067572208871,0.11412067572208871,1.845393,"{'n_estimators': 1025, 'criterion': 'entropy', 'max_depth': None, 'min_samples_split': 14, 'min_samples_leaf': 2, 'max_features': 'sqrt', 'max_samples': 0.9}",1025,entropy,,14,2,sqrt,0.9,Titanic,0.15102130154156654
38,1,-0.11427934503103429,0.11427934503103429,10.438499,"{'n_estimators': 1170, 'criterion': 'log_loss', 'max_depth': 10, 'min_samples_split': 6, 'min_samples_leaf': 1, 'max_features': 'sqrt', 'max_samples': None}",1170,log_loss,10.0,6,1,sqrt,,Titanic,0.15102130154156654
39,2,-0.11499218788473155,0.11499218788473155,2.100724,"{'n_estimators': 1171, 'criterion': 'log_loss', 'max_depth': 10, 'min_samples_split': 6, 'min_samples_leaf': 1, 'max_features': 0.1, 'max_samples': None}",1171,log_loss,10.0,6,1,0.1,,Titanic,0.15102130154156654
40,2,-0.11712203119717587,0.11712203119717587,2.315564,"{'n_estimators': 1295, 'criterion': 'log_loss', 'max_depth': None, 'min_samples_split': 3, 'min_samples_leaf': 1, 'max_features': 0.33, 'max_samples': None}",1295,log_loss,,3,1,0.33,,Titanic,0.15102130154156654
41,1,-0.114901252759753,0.114901252759753,9.686843,"{'n_estimators': 1085, 'criterion': 'log_loss', 'max_depth': 10, 'min_samples_split': 8, 'min_samples_leaf': 2, 'max_features': 'sqrt', 'max_samples': None}",1085,log_loss,10.0,8,2,sqrt,,Titanic,0.15102130154156654
42,1,-0.11494873902379403,0.11494873902379403,12.470741,"{'n_estimators': 1398, 'criterion': 'log_loss', 'max_depth': 10, 'min_samples_split': 8, 'min_samples_leaf': 2, 'max_features': 'sqrt', 'max_samples': None}",1398,log_loss,10.0,8,2,sqrt,,Titanic,0.15102130154156654
43,1,-0.11433644606495275,0.11433644606495275,12.599545,"{'n_estimators': 1417, 'criterion': 'log_loss', 'max_depth': 10, 'min_samples_split': 6, 'min_samples_leaf': 1, 'max_features': 'sqrt', 'max_samples': None}",1417,log_loss,10.0,6,1,sqrt,,Titanic,0.15102130154156654
44,1,-0.11430593567676739,0.11430593567676739,12.856116,"{'n_estimators': 1450, 'criterion': 'log_loss', 'max_depth': 10, 'min_samples_split': 6, 'min_samples_leaf': 1, 'max_features': 'sqrt', 'max_samples': None}",1450,log_loss,10.0,6,1,sqrt,,Titanic,0.15102130154156654
45,1,-0.11435544275509606,0.11435544275509606,13.256407,"{'n_estimators': 1497, 'criterion': 'log_loss', 'max_depth': 10, 'min_samples_split': 6, 'min_samples_leaf': 1, 'max_features': 'sqrt', 'max_samples': None}",1497,log_loss,10.0,6,1,sqrt,,Titanic,0.15102130154156654
46,1,-0.11435544275509606,0.11435544275509606,13.270477,"{'n_estimators': 1497, 'criterion': 'log_loss', 'max_depth': 10, 'min_samples_split': 6, 'min_samples_leaf': 1, 'max_features': 'sqrt', 'max_samples': None}",1497,log_loss,10.0,6,1,sqrt,,Titanic,0.15102130154156654
47,1,-0.11559455801134591,0.11559455801134591,13.244007,"{'n_estimators': 1495, 'criterion': 'log_loss', 'max_depth': 20, 'min_samples_split': 6, 'min_samples_leaf': 1, 'max_features': 'sqrt', 'max_samples': None}",1495,log_loss,20.0,6,1,sqrt,,Titanic,0.15102130154156654
48,1,-0.11432323547025285,0.11432323547025285,12.624618,"{'n_estimators': 1429, 'criterion': 'log_loss', 'max_depth': 10, 'min_samples_split': 6, 'min_samples_leaf': 1, 'max_features': 'sqrt', 'max_samples': None}",1429,log_loss,10.0,6,1,sqrt,,Titanic,0.15102130154156654
49,1,-0.11492980526898103,0.11492980526898103,12.67661,"{'n_estimators': 1435, 'criterion': 'log_loss', 'max_depth': 15, 'min_samples_split': 7, 'min_samples_leaf': 1, 'max_features': 'sqrt', 'max_samples': None}",1435,log_loss,15.0,7,1,sqrt,,Titanic,0.15102130154156654
50,2,-0.11461178469338609,0.11461178469338609,2.392094,"{'n_estimators': 1355, 'criterion': 'log_loss', 'max_depth': 10, 'min_samples_split': 4, 'min_samples_leaf': 1, 'max_features': 'sqrt', 'max_samples': None}",1355,log_loss,10.0,4,1,sqrt,,Titanic,0.15102130154156654
51,1,-0.11433013354775809,0.11433013354775809,12.885752,"{'n_estimators': 1456, 'criterion': 'log_loss', 'max_depth': 10, 'min_samples_split': 6, 'min_samples_leaf': 1, 'max_features': 'sqrt', 'max_samples': None}",1456,log_loss,10.0,6,1,sqrt,,Titanic,0.15102130154156654
52,1,-0.1143421515856297,0.1143421515856297,12.495603,"{'n_estimators': 1409, 'criterion': 'log_loss', 'max_depth': 10, 'min_samples_split': 6, 'min_samples_leaf': 1, 'max_features': 'sqrt', 'max_samples': None}",1409,log_loss,10.0,6,1,sqrt,,Titanic,0.15102130154156654
53,1,-0.11407087679609876,0.11407087679609876,11.945065,"{'n_estimators': 1353, 'criterion': 'log_loss', 'max_depth': 10, 'min_samples_split': 7, 'min_samples_leaf': 1, 'max_features': 'sqrt', 'max_samples': None}",1353,log_loss,10.0,7,1,sqrt,,Titanic,0.15102130154156654
54,1,-0.11407436206154667,0.11407436206154667,11.940756,"{'n_estimators': 1343, 'criterion': 'log_loss', 'max_depth': 10, 'min_samples_split': 7, 'min_samples_leaf': 1, 'max_features': 'sqrt', 'max_samples': None}",1343,log_loss,10.0,7,1,sqrt,,Titanic,0.15102130154156654
55,1,-0.11525707396503819,0.11525707396503819,11.908047,"{'n_estimators': 1345, 'criterion': 'log_loss', 'max_depth': 10, 'min_samples_split': 8, 'min_samples_leaf': 1, 'max_features': 0.33, 'max_samples': None}",1345,log_loss,10.0,8,1,0.33,,Titanic,0.15102130154156654
56,1,-0.11493518861832039,0.11493518861832039,11.354715,"{'n_estimators': 1274, 'criterion': 'log_loss', 'max_depth': None, 'min_samples_split': 7, 'min_samples_leaf': 1, 'max_features': 'sqrt', 'max_samples': None}",1274,log_loss,,7,1,sqrt,,Titanic,0.15102130154156654
57,2,-0.11381407446047721,0.11381407446047721,2.560193,"{'n_estimators': 1451, 'criterion': 'log_loss', 'max_depth': 15, 'min_samples_split': 5, 'min_samples_leaf': 1, 'max_features': 'sqrt', 'max_samples': None}",1451,log_loss,15.0,5,1,sqrt,,Titanic,0.15102130154156654
58,2,-0.11350327466043851,0.11350327466043851,2.42819,"{'n_estimators': 1363, 'criterion': 'log_loss', 'max_depth': 10, 'min_samples_split': 7, 'min_samples_leaf': 2, 'max_features': 'sqrt', 'max_samples': 0.7}",1363,log_loss,10.0,7,2,sqrt,0.7,Titanic,0.15102130154156654
59,2,-0.11702289259362658,0.11702289259362658,2.348425,"{'n_estimators': 1307, 'criterion': 'log_loss', 'max_depth': 20, 'min_samples_split': 4, 'min_samples_leaf': 3, 'max_features': 0.1, 'max_samples': None}",1307,log_loss,20.0,4,3,0.1,,Titanic,0.15102130154156654
60,1,-0.1141252264872528,0.1141252264872528,2.378422,"{'n_estimators': 258, 'criterion': 'log_loss', 'max_depth': 10, 'min_samples_split': 5, 'min_samples_leaf': 1, 'max_features': 'sqrt', 'max_samples': None}",258,log_loss,10.0,5,1,sqrt,,Titanic,0.15102130154156654
61,2,-0.11339758685686017,0.11339758685686017,1.106138,"{'n_estimators': 608, 'criterion': 'log_loss', 'max_depth': 10, 'min_samples_split': 5, 'min_samples_leaf': 1, 'max_features': 'sqrt', 'max_samples': None}",608,log_loss,10.0,5,1,sqrt,,Titanic,0.15102130154156654
62,1,-0.11435396490480076,0.11435396490480076,2.30837,"{'n_estimators': 243, 'criterion': 'log_loss', 'max_depth': 10, 'min_samples_split': 7, 'min_samples_leaf': 1, 'max_features': 'sqrt', 'max_samples': None}",243,log_loss,10.0,7,1,sqrt,,Titanic,0.15102130154156654
63,2,-0.11305183236075993,0.11305183236075993,2.552512,"{'n_estimators': 1437, 'criterion': 'log_loss', 'max_depth': 10, 'min_samples_split': 5, 'min_samples_leaf': 2, 'max_features': 'sqrt', 'max_samples': None}",1437,log_loss,10.0,5,2,sqrt,,Titanic,0.15102130154156654
64,2,-0.11485756560803265,0.11485756560803265,0.521981,"{'n_estimators': 273, 'criterion': 'log_loss', 'max_depth': 10, 'min_samples_split': 3, 'min_samples_leaf': 1, 'max_features': 'sqrt', 'max_samples': None}",273,log_loss,10.0,3,1,sqrt,,Titanic,0.15102130154156654
65,2,-0.11296588883233782,0.11296588883233782,2.349022,"{'n_estimators': 1264, 'criterion': 'log_loss', 'max_depth': 10, 'min_samples_split': 4, 'min_samples_leaf': 2, 'max_features': 'sqrt', 'max_samples': None}",1264,log_loss,10.0,4,2,sqrt,,Titanic,0.15102130154156654
66,2,-0.11374451136463723,0.11374451136463723,2.473869,"{'n_estimators': 1379, 'criterion': 'log_loss', 'max_depth': 10, 'min_samples_split': 7, 'min_samples_leaf': 1, 'max_features': 'sqrt', 'max_samples': 0.5}",1379,log_loss,10.0,7,1,sqrt,0.5,Titanic,0.15102130154156654
67,2,-0.1131225157040956,0.1131225157040956,0.601549,"{'n_estimators': 324, 'criterion': 'log_loss', 'max_depth': 10, 'min_samples_split': 8, 'min_samples_leaf': 1, 'max_features': 0.33, 'max_samples': 0.7}",324,log_loss,10.0,8,1,0.33,0.7,Titanic,0.15102130154156654
68,2,-0.11711095452512099,0.11711095452512099,0.756811,"{'n_estimators': 411, 'criterion': 'log_loss', 'max_depth': 10, 'min_samples_split': 17, 'min_samples_leaf': 5, 'max_features': 'sqrt', 'max_samples': None}",411,log_loss,10.0,17,5,sqrt,,Titanic,0.15102130154156654
69,2,-0.11320574341155436,0.11320574341155436,2.374394,"{'n_estimators': 1331, 'criterion': 'log_loss', 'max_depth': 15, 'min_samples_split': 5, 'min_samples_leaf': 2, 'max_features': 'sqrt', 'max_samples': None}",1331,log_loss,15.0,5,2,sqrt,,Titanic,0.15102130154156654
70,2,-0.11427307075309268,0.11427307075309268,1.138029,"{'n_estimators': 150, 'criterion': 'log_loss', 'max_depth': 10, 'min_samples_split': 10, 'min_samples_leaf': 6, 'max_features': 'sqrt', 'max_samples': None}",150,log_loss,10.0,10,6,sqrt,,Titanic,0.15102130154156654
71,1,-0.11433264825897267,0.11433264825897267,12.578665,"{'n_estimators': 1418, 'criterion': 'log_loss', 'max_depth': 10, 'min_samples_split': 6, 'min_samples_leaf': 1, 'max_features': 'sqrt', 'max_samples': None}",1418,log_loss,10.0,6,1,sqrt,,Titanic,0.15102130154156654
72,1,-0.11456356139313739,0.11456356139313739,4.398772,"{'n_estimators': 491, 'criterion': 'log_loss', 'max_depth': 10, 'min_samples_split': 6, 'min_samples_leaf': 1, 'max_features': 'sqrt', 'max_samples': None}",491,log_loss,10.0,6,1,sqrt,,Titanic,0.15102130154156654
73,2,-0.11455068615891131,0.11455068615891131,2.134991,"{'n_estimators': 1206, 'criterion': 'log_loss', 'max_depth': 10, 'min_samples_split': 4, 'min_samples_leaf': 1, 'max_features': 'sqrt', 'max_samples': None}",1206,log_loss,10.0,4,1,sqrt,,Titanic,0.15102130154156654
74,2,-0.113716108416514,0.113716108416514,2.606145,"{'n_estimators': 1462, 'criterion': 'gini', 'max_depth': 10, 'min_samples_split': 8, 'min_samples_leaf': 2, 'max_features': 'sqrt', 'max_samples': None}",1462,gini,10.0,8,2,sqrt,,Titanic,0.15102130154156654
75,1,-0.11432627196875804,0.11432627196875804,12.332238,"{'n_estimators': 1392, 'criterion': 'log_loss', 'max_depth': 10, 'min_samples_split': 6, 'min_samples_leaf': 1, 'max_features': 'sqrt', 'max_samples': None}",1392,log_loss,10.0,6,1,sqrt,,Titanic,0.15102130154156654
76,2,-0.11226602844024776,0.11226602844024776,5.566633,"{'n_estimators': 782, 'criterion': 'log_loss', 'max_depth': 20, 'min_samples_split': 7, 'min_samples_leaf': 2, 'max_features': 'sqrt', 'max_samples': None}",782,log_loss,20.0,7,2,sqrt,,Titanic,0.15102130154156654
77,2,-0.11566349864587852,0.11566349864587852,2.263394,"{'n_estimators': 1259, 'criterion': 'log_loss', 'max_depth': 10, 'min_samples_split': 5, 'min_samples_leaf': 1, 'max_features': 0.1, 'max_samples': 0.5}",1259,log_loss,10.0,5,1,0.1,0.5,Titanic,0.15102130154156654
78,2,-0.11516766963530257,0.11516766963530257,2.398187,"{'n_estimators': 1326, 'criterion': 'log_loss', 'max_depth': None, 'min_samples_split': 4, 'min_samples_leaf': 1, 'max_features': 'sqrt', 'max_samples': None}",1326,log_loss,,4,1,sqrt,,Titanic,0.15102130154156654
79,2,-0.11283285877935782,0.11283285877935782,2.128118,"{'n_estimators': 1187, 'criterion': 'log_loss', 'max_depth': 10, 'min_samples_split': 8, 'min_samples_leaf': 3, 'max_features': 'sqrt', 'max_samples': None}",1187,log_loss,10.0,8,3,sqrt,,Titanic,0.15102130154156654
80,2,-0.12266144255539037,0.12266144255539037,2.611115,"{'n_estimators': 1458, 'criterion': 'gini', 'max_depth': 10, 'min_samples_split': 6, 'min_samples_leaf': 8, 'max_features': 0.33, 'max_samples': 0.7}",1458,gini,10.0,6,8,0.33,0.7,Titanic,0.15102130154156654
81,1,-0.11431502613483228,0.11431502613483228,12.342628,"{'n_estimators': 1390, 'criterion': 'log_loss', 'max_depth': 10, 'min_samples_split': 6, 'min_samples_leaf': 1, 'max_features': 'sqrt', 'max_samples': None}",1390,log_loss,10.0,6,1,sqrt,,Titanic,0.15102130154156654
82,2,-0.11328015849876191,0.11328015849876191,2.432116,"{'n_estimators': 1363, 'criterion': 'log_loss', 'max_depth': 10, 'min_samples_split': 5, 'min_samples_leaf': 1, 'max_features': 'sqrt', 'max_samples': None}",1363,log_loss,10.0,5,1,sqrt,,Titanic,0.15102130154156654
83,1,-0.11406668473797288,0.11406668473797288,12.198948,"{'n_estimators': 1377, 'criterion': 'log_loss', 'max_depth': 10, 'min_samples_split': 7, 'min_samples_leaf': 1, 'max_features': 'sqrt', 'max_samples': None}",1377,log_loss,10.0,7,1,sqrt,,Titanic,0.15102130154156654
84,2,-0.11228019112333407,0.11228019112333407,8.115178,"{'n_estimators': 1136, 'criterion': 'log_loss', 'max_depth': 10, 'min_samples_split': 9, 'min_samples_leaf': 2, 'max_features': 'sqrt', 'max_samples': None}",1136,log_loss,10.0,9,2,sqrt,,Titanic,0.15102130154156654
85,1,-0.11410290261753993,0.11410290261753993,12.360014,"{'n_estimators': 1392, 'criterion': 'log_loss', 'max_depth': 10, 'min_samples_split': 7, 'min_samples_leaf': 1, 'max_features': 'sqrt', 'max_samples': None}",1392,log_loss,10.0,7,1,sqrt,,Titanic,0.15102130154156654
86,1,-0.1141574651982222,0.1141574651982222,11.600086,"{'n_estimators': 1310, 'criterion': 'log_loss', 'max_depth': 10, 'min_samples_split': 7, 'min_samples_leaf': 1, 'max_features': 'sqrt', 'max_samples': None}",1310,log_loss,10.0,7,1,sqrt,,Titanic,0.15102130154156654
87,1,-0.11483272105954508,0.11483272105954508,11.569594,"{'n_estimators': 1303, 'criterion': 'log_loss', 'max_depth': 10, 'min_samples_split': 7, 'min_samples_leaf': 2, 'max_features': 'sqrt', 'max_samples': None}",1303,log_loss,10.0,7,2,sqrt,,Titanic,0.15102130154156654
88,2,-0.11232364338533425,0.11232364338533425,8.949489,"{'n_estimators': 1257, 'criterion': 'log_loss', 'max_depth': 10, 'min_samples_split': 9, 'min_samples_leaf': 2, 'max_features': 'sqrt', 'max_samples': None}",1257,log_loss,10.0,9,2,sqrt,,Titanic,0.15102130154156654
89,2,-0.11378182713085404,0.11378182713085404,2.461796,"{'n_estimators': 1384, 'criterion': 'log_loss', 'max_depth': 10, 'min_samples_split': 7, 'min_samples_leaf': 1, 'max_features': 'sqrt', 'max_samples': 0.5}",1384,log_loss,10.0,7,1,sqrt,0.5,Titanic,0.15102130154156654
90,2,-0.11213575046444275,0.11213575046444275,8.56379,"{'n_estimators': 1208, 'criterion': 'log_loss', 'max_depth': 20, 'min_samples_split': 7, 'min_samples_leaf': 1, 'max_features': 'sqrt', 'max_samples': None}",1208,log_loss,20.0,7,1,sqrt,,Titanic,0.15102130154156654
91,1,-0.11445066071931272,0.11445066071931272,11.501829,"{'n_estimators': 1298, 'criterion': 'log_loss', 'max_depth': 10, 'min_samples_split': 8, 'min_samples_leaf': 1, 'max_features': 'sqrt', 'max_samples': None}",1298,log_loss,10.0,8,1,sqrt,,Titanic,0.15102130154156654
92,1,-0.11409691872528276,0.11409691872528276,11.882762,"{'n_estimators': 1338, 'criterion': 'log_loss', 'max_depth': 10, 'min_samples_split': 7, 'min_samples_leaf': 1, 'max_features': 'sqrt', 'max_samples': None}",1338,log_loss,10.0,7,1,sqrt,,Titanic,0.15102130154156654
93,1,-0.11451239719019046,0.11451239719019046,7.826258,"{'n_estimators': 880, 'criterion': 'log_loss', 'max_depth': 10, 'min_samples_split': 8, 'min_samples_leaf': 1, 'max_features': 'sqrt', 'max_samples': None}",880,log_loss,10.0,8,1,sqrt,,Titanic,0.15102130154156654
94,2,-0.11417057860367327,0.11417057860367327,2.409208,"{'n_estimators': 1347, 'criterion': 'log_loss', 'max_depth': 10, 'min_samples_split': 7, 'min_samples_leaf': 4, 'max_features': 'sqrt', 'max_samples': None}",1347,log_loss,10.0,7,4,sqrt,,Titanic,0.15102130154156654
95,2,-0.11208622006595605,0.11208622006595605,9.967302,"{'n_estimators': 1392, 'criterion': 'log_loss', 'max_depth': 15, 'min_samples_split': 7, 'min_samples_leaf': 1, 'max_features': 'sqrt', 'max_samples': None}",1392,log_loss,15.0,7,1,sqrt,,Titanic,0.15102130154156654
96,2,-0.11460967810344423,0.11460967810344423,2.385104,"{'n_estimators': 1326, 'criterion': 'log_loss', 'max_depth': 10, 'min_samples_split': 8, 'min_samples_leaf': 1, 'max_features': 0.1, 'max_samples': None}",1326,log_loss,10.0,8,1,0.1,,Titanic,0.15102130154156654
97,2,-0.1139065660731163,0.1139065660731163,2.267851,"{'n_estimators': 1274, 'criterion': 'gini', 'max_depth': None, 'min_samples_split': 5, 'min_samples_leaf': 1, 'max_features': 'sqrt', 'max_samples': None}",1274,gini,,5,1,sqrt,,Titanic,0.15102130154156654
98,2,-0.11305192889584638,0.11305192889584638,2.603499,"{'n_estimators': 1469, 'criterion': 'log_loss', 'max_depth': 10, 'min_samples_split': 6, 'min_samples_leaf': 2, 'max_features': 'sqrt', 'max_samples': 0.7}",1469,log_loss,10.0,6,2,sqrt,0.7,Titanic,0.15102130154156654
99,2,-0.1128263692807003,0.1128263692807003,2.505131,"{'n_estimators': 1416, 'criterion': 'log_loss', 'max_depth': 10, 'min_samples_split': 9, 'min_samples_leaf': 1, 'max_features': 0.33, 'max_samples': None}",1416,log_loss,10.0,9,1,0.33,,Titanic,0.15102130154156654
